/*
Navicat MySQL Data Transfer

Source Server         : 192.34.63.23
Source Server Version : 50549
Source Host           : 192.34.63.23:3306
Source Database       : drphilshowonline

Target Server Type    : MYSQL
Target Server Version : 50549
File Encoding         : 65001

Date: 2017-05-14 23:05:54
*/

SET FOREIGN_KEY_CHECKS=0;

-- ----------------------------
-- Table structure for banner_v4
-- ----------------------------
DROP TABLE IF EXISTS `banner_v4`;
CREATE TABLE `banner_v4` (
  `banner_id` int(10) unsigned NOT NULL AUTO_INCREMENT,
  `banner_url` varchar(1000) DEFAULT NULL,
  `banner_image` varchar(1000) DEFAULT NULL,
  `banner_title` varchar(500) DEFAULT NULL,
  `banner_size` varchar(100) DEFAULT NULL,
  `position_id` int(11) NOT NULL,
  `position` varchar(100) DEFAULT NULL,
  `order` tinyint(4) DEFAULT NULL,
  `type_id` tinyint(4) NOT NULL DEFAULT '0',
  `film_id` int(11) DEFAULT NULL,
  `image_id` int(11) DEFAULT NULL,
  `date_add` datetime DEFAULT NULL,
  `date_update` timestamp NOT NULL DEFAULT CURRENT_TIMESTAMP ON UPDATE CURRENT_TIMESTAMP,
  `is_active` tinyint(1) DEFAULT '1',
  `is_mobile` tinyint(1) DEFAULT '0',
  PRIMARY KEY (`banner_id`)
) ENGINE=MyISAM AUTO_INCREMENT=140 DEFAULT CHARSET=utf8;

-- ----------------------------
-- Records of banner_v4
-- ----------------------------
INSERT INTO `banner_v4` VALUES ('138', '', '/upload/2015/01/cfa1d39e24b7fea6cc852e8b458a7d03.png', 'Slide 1', null, '1', null, null, '0', null, null, '2015-01-06 00:12:07', '2015-01-08 02:38:41', '1', '0');
INSERT INTO `banner_v4` VALUES ('139', '', '/upload/2015/01/ad4e2063cc52aef768bc487e83a8847c.png', 'Slide2', null, '1', null, null, '0', null, null, '2015-01-06 00:14:16', '2015-01-08 02:38:55', '1', '0');

-- ----------------------------
-- Table structure for categories
-- ----------------------------
DROP TABLE IF EXISTS `categories`;
CREATE TABLE `categories` (
  `category_id` int(11) NOT NULL AUTO_INCREMENT,
  `category_name` varchar(255) COLLATE utf8_unicode_ci DEFAULT NULL,
  `number` int(11) DEFAULT NULL,
  `category_slug` varchar(255) COLLATE utf8_unicode_ci DEFAULT NULL,
  `url_short` varchar(255) COLLATE utf8_unicode_ci DEFAULT NULL,
  `is_active` tinyint(4) DEFAULT NULL,
  `date_add` datetime DEFAULT NULL,
  `date_update` timestamp NULL DEFAULT NULL ON UPDATE CURRENT_TIMESTAMP,
  PRIMARY KEY (`category_id`)
) ENGINE=MyISAM AUTO_INCREMENT=6 DEFAULT CHARSET=utf8 COLLATE=utf8_unicode_ci;

-- ----------------------------
-- Records of categories
-- ----------------------------
INSERT INTO `categories` VALUES ('1', 'Dr phil March 2015 ', '0', 'dr-phil-march-2015', '/shows/dr-phil-march-2015', '0', '2015-03-23 23:12:46', '2017-04-26 12:20:18');
INSERT INTO `categories` VALUES ('2', 'Drphil Janaury 2015 ', '1', 'drphil-janaury-2015', '/shows/drphil-janaury-2015', '0', '2015-03-24 00:02:24', '2015-03-25 09:59:57');
INSERT INTO `categories` VALUES ('3', 'Dr Phil September 2015', '0', 'dr-phil-september-2015', '/shows/dr-phil-september-2015', '0', '2015-03-25 20:53:56', '2015-03-25 09:59:54');
INSERT INTO `categories` VALUES ('4', 'Dr Phil April 2015', '3', 'dr-phil-april-2015', '/shows/dr-phil-april-2015', '0', '2015-04-02 16:27:12', '2017-04-26 12:20:18');
INSERT INTO `categories` VALUES ('5', 'DR Phil May 2017', '1', 'dr-phil-may-2017', '/shows/dr-phil-may-2017', '1', '2017-04-26 23:20:38', '2017-05-04 11:30:38');

-- ----------------------------
-- Table structure for contact
-- ----------------------------
DROP TABLE IF EXISTS `contact`;
CREATE TABLE `contact` (
  `id` int(11) NOT NULL AUTO_INCREMENT,
  `user_id` int(11) DEFAULT NULL,
  `username` varchar(255) DEFAULT NULL,
  `fullname` varchar(255) DEFAULT NULL,
  `email` varchar(255) DEFAULT NULL,
  `subject` varchar(255) DEFAULT NULL,
  `message` varchar(255) DEFAULT NULL,
  `date_add` datetime DEFAULT NULL,
  `date_update` timestamp NULL DEFAULT NULL ON UPDATE CURRENT_TIMESTAMP,
  PRIMARY KEY (`id`)
) ENGINE=InnoDB AUTO_INCREMENT=5 DEFAULT CHARSET=utf8;

-- ----------------------------
-- Records of contact
-- ----------------------------
INSERT INTO `contact` VALUES ('1', '0', '', '', 'hoainamuit@gmail.com', 'TEst', 'test', '2017-05-08 15:23:37', null);
INSERT INTO `contact` VALUES ('2', '0', '', '', 'susanmerriman@btinternet.com', 'Forgotten user name/ password', 'Completely blanked on my user name/password, help!', '2017-05-10 11:05:25', null);
INSERT INTO `contact` VALUES ('3', '0', '', '', 'juliancooper.online@gmail.com', 'Want more clients and customers?', 'Do you wish you could increase your online leads? We have helped a lot of businesses thrive in this market and we can help you! Simply hit reply and I’ll share with you the cost and the benefits.', '2017-05-11 13:33:03', null);
INSERT INTO `contact` VALUES ('4', '0', '', '', 'jewlez2006@yahoo.com', 'Forgot password', 'I thought my user I\'d was jewlez2006 and my password was violet. But it will not work. I\'m not sure how to fix?', '2017-05-12 09:10:26', null);

-- ----------------------------
-- Table structure for images
-- ----------------------------
DROP TABLE IF EXISTS `images`;
CREATE TABLE `images` (
  `image_id` int(11) NOT NULL AUTO_INCREMENT,
  `path` varchar(255) DEFAULT NULL,
  `type` varchar(100) DEFAULT NULL,
  `status_id` tinyint(4) DEFAULT NULL,
  `date_add` datetime DEFAULT NULL,
  `is_resize` tinyint(4) DEFAULT '0',
  `size1` varchar(255) DEFAULT NULL,
  `size2` varchar(255) DEFAULT NULL,
  `size3` varchar(255) DEFAULT NULL,
  `size4` varchar(255) DEFAULT NULL,
  `size5` varchar(255) DEFAULT NULL,
  `size6` varchar(255) DEFAULT NULL,
  PRIMARY KEY (`image_id`)
) ENGINE=MyISAM AUTO_INCREMENT=25 DEFAULT CHARSET=utf8;

-- ----------------------------
-- Records of images
-- ----------------------------
INSERT INTO `images` VALUES ('1', 'http://drphil-local.com.vn/upload/2015/03/d9599443d14ae8fdc3256446b47d0a77.png', '1', '1', '2015-03-23 11:15:57', '1', '/upload/2015/03/d9599443d14ae8fdc3256446b47d0a77_100x75.png', '/upload/2015/03/d9599443d14ae8fdc3256446b47d0a77_300x220.png', 'http://drphil-local.com.vn/upload/2015/03/d9599443d14ae8fdc3256446b47d0a77.png', null, null, null);
INSERT INTO `images` VALUES ('2', 'http://drphil-local.com.vn/upload/2015/03/332a83e960952cc45375beadf2cc3cc8.png', '1', '1', '2015-03-23 11:19:08', '1', '/upload/2015/03/332a83e960952cc45375beadf2cc3cc8_100x75.png', '/upload/2015/03/332a83e960952cc45375beadf2cc3cc8_300x220.png', 'http://drphil-local.com.vn/upload/2015/03/332a83e960952cc45375beadf2cc3cc8.png', null, null, null);
INSERT INTO `images` VALUES ('3', 'http://drphil-local.com.vn/upload/2015/03/1490458cad33f0985f00e69ea89a4563.png', '1', '1', '2015-03-24 12:05:41', '1', '/upload/2015/03/1490458cad33f0985f00e69ea89a4563_100x75.png', '/upload/2015/03/1490458cad33f0985f00e69ea89a4563_300x220.png', 'http://drphil-local.com.vn/upload/2015/03/1490458cad33f0985f00e69ea89a4563.png', null, null, null);
INSERT INTO `images` VALUES ('4', 'http://drphil-local.com.vn/upload/2015/03/59265c71c0fae17c3147a9c3d3454d4d.jpg', '1', '1', '2015-03-25 02:13:10', '1', '/upload/2015/03/59265c71c0fae17c3147a9c3d3454d4d_100x75.jpg', '/upload/2015/03/59265c71c0fae17c3147a9c3d3454d4d_300x150.jpg', 'http://drphil-local.com.vn/upload/2015/03/59265c71c0fae17c3147a9c3d3454d4d.jpg', null, null, null);
INSERT INTO `images` VALUES ('5', 'http://drphil-local.com.vn/upload/2015/03/61360d4edbef6823a87dff5c22adc93d.jpg', '1', '1', '2015-03-25 02:15:21', '1', '/upload/2015/03/61360d4edbef6823a87dff5c22adc93d_100x75.jpg', '/upload/2015/03/61360d4edbef6823a87dff5c22adc93d_300x150.jpg', 'http://drphil-local.com.vn/upload/2015/03/61360d4edbef6823a87dff5c22adc93d.jpg', null, null, null);
INSERT INTO `images` VALUES ('6', 'http://drphil-local.com.vn/upload/2015/03/168b323784f7057393bcddc8518cd8b9.jpg', '1', '1', '2015-03-25 02:16:35', '1', '/upload/2015/03/168b323784f7057393bcddc8518cd8b9_100x100.jpg', '/upload/2015/03/168b323784f7057393bcddc8518cd8b9_300x150.jpg', 'http://drphil-local.com.vn/upload/2015/03/168b323784f7057393bcddc8518cd8b9.jpg', null, null, null);
INSERT INTO `images` VALUES ('7', 'http://drphilshowonline.com/upload/2015/03/5532681bf0ce14bbbda6e0becd677bdf.jpg', '1', '1', '2015-03-25 05:03:28', '1', '/upload/2015/03/c312b270d4817a648b4fa6b5e11a3854_100x100.jpg', '/upload/2015/03/c312b270d4817a648b4fa6b5e11a3854_300x150.jpg', 'http://drphilshowonline.com/upload/2015/03/5532681bf0ce14bbbda6e0becd677bdf.jpg', null, null, null);
INSERT INTO `images` VALUES ('8', 'http://drphilshowonline.com/upload/2015/03/fe854327541e9455dbbb1a62f0e369a5.png', '1', '1', '2015-03-25 05:54:00', '1', '/upload/2015/03/fe854327541e9455dbbb1a62f0e369a5_100x75.png', '/upload/2015/03/fe854327541e9455dbbb1a62f0e369a5_300x220.png', 'http://drphilshowonline.com/upload/2015/03/fe854327541e9455dbbb1a62f0e369a5.png', null, null, null);
INSERT INTO `images` VALUES ('9', 'http://drphilshowonline.com/upload/2015/03/406c3db5f9f54c960685e87bbb64f1a1.jpg', '1', '1', '2015-03-25 09:03:01', '1', '/upload/2015/03/406c3db5f9f54c960685e87bbb64f1a1_100x75.jpg', '/upload/2015/03/406c3db5f9f54c960685e87bbb64f1a1_300x220.jpg', 'http://drphilshowonline.com/upload/2015/03/406c3db5f9f54c960685e87bbb64f1a1.jpg', null, null, null);
INSERT INTO `images` VALUES ('10', 'http://drphilshowonline.com/upload/2015/03/d538f51a450d1c20ad7d736abcbc37e0.jpg', '1', '1', '2015-03-25 09:11:06', '1', '/upload/2015/03/d538f51a450d1c20ad7d736abcbc37e0_100x75.jpg', '/upload/2015/03/d538f51a450d1c20ad7d736abcbc37e0_300x220.jpg', 'http://drphilshowonline.com/upload/2015/03/d538f51a450d1c20ad7d736abcbc37e0.jpg', null, null, null);
INSERT INTO `images` VALUES ('11', 'http://drphilshowonline.com/upload/2015/03/f309b7c1944f755876e8b2a3abd0c982.jpg', '1', '1', '2015-03-25 09:13:15', '1', '/upload/2015/03/f309b7c1944f755876e8b2a3abd0c982_100x75.jpg', '/upload/2015/03/f309b7c1944f755876e8b2a3abd0c982_300x220.jpg', 'http://drphilshowonline.com/upload/2015/03/f309b7c1944f755876e8b2a3abd0c982.jpg', null, null, null);
INSERT INTO `images` VALUES ('12', 'http://drphilshowonline.com/upload/2015/03/df1f363bcfda8b5577797ef65c68d081.jpg', '1', '1', '2015-03-25 09:17:57', '1', '/upload/2015/03/df1f363bcfda8b5577797ef65c68d081_100x75.jpg', '/upload/2015/03/df1f363bcfda8b5577797ef65c68d081_300x220.jpg', 'http://drphilshowonline.com/upload/2015/03/df1f363bcfda8b5577797ef65c68d081.jpg', null, null, null);
INSERT INTO `images` VALUES ('13', 'http://drphilshowonline.com/upload/2015/03/6f9ab901b0663adec81afc35df8f000c.jpg', '1', '1', '2015-03-25 09:28:37', '1', '/upload/2015/03/6f9ab901b0663adec81afc35df8f000c_100x75.jpg', '/upload/2015/03/6f9ab901b0663adec81afc35df8f000c_300x220.jpg', 'http://drphilshowonline.com/upload/2015/03/6f9ab901b0663adec81afc35df8f000c.jpg', null, null, null);
INSERT INTO `images` VALUES ('14', 'http://drphilshowonline.com/upload/2015/03/ff4f522f76d3fd92ae531348fb439a3f.jpg', '1', '1', '2015-03-25 09:39:38', '1', '/upload/2015/03/ff4f522f76d3fd92ae531348fb439a3f_100x75.jpg', '/upload/2015/03/ff4f522f76d3fd92ae531348fb439a3f_300x220.jpg', 'http://drphilshowonline.com/upload/2015/03/ff4f522f76d3fd92ae531348fb439a3f.jpg', null, null, null);
INSERT INTO `images` VALUES ('15', 'http://drphilshowonline.com/upload/2015/03/983cf6e801ca1df9d9d3b7ec8821b24b.jpg', '1', '1', '2015-03-25 09:54:03', '1', '/upload/2015/03/983cf6e801ca1df9d9d3b7ec8821b24b_100x75.jpg', '/upload/2015/03/983cf6e801ca1df9d9d3b7ec8821b24b_300x220.jpg', 'http://drphilshowonline.com/upload/2015/03/983cf6e801ca1df9d9d3b7ec8821b24b.jpg', null, null, null);
INSERT INTO `images` VALUES ('16', 'http://drphilshowonline.com/upload/2015/03/0957e101d1df8352d325ad58718d39ea.jpg', '1', '1', '2015-03-25 09:58:46', '1', '/upload/2015/03/0957e101d1df8352d325ad58718d39ea_100x75.jpg', '/upload/2015/03/0957e101d1df8352d325ad58718d39ea_300x220.jpg', 'http://drphilshowonline.com/upload/2015/03/0957e101d1df8352d325ad58718d39ea.jpg', null, null, null);
INSERT INTO `images` VALUES ('17', 'http://drphilshowonline.com/upload/2015/03/c49c4ffaa00adf31b9d25130577b15bd.jpg', '1', '1', '2015-03-25 10:03:51', '1', '/upload/2015/03/c49c4ffaa00adf31b9d25130577b15bd_100x75.jpg', '/upload/2015/03/c49c4ffaa00adf31b9d25130577b15bd_300x220.jpg', 'http://drphilshowonline.com/upload/2015/03/c49c4ffaa00adf31b9d25130577b15bd.jpg', null, null, null);
INSERT INTO `images` VALUES ('18', 'http://drphilshowonline.com/upload/2015/03/a55b8c29630ef0f0e137eb65444eebbc.jpg', '1', '1', '2015-03-26 06:30:53', '1', '/upload/2015/03/a55b8c29630ef0f0e137eb65444eebbc_100x75.jpg', '/upload/2015/03/a55b8c29630ef0f0e137eb65444eebbc_300x220.jpg', 'http://drphilshowonline.com/upload/2015/03/a55b8c29630ef0f0e137eb65444eebbc.jpg', null, null, null);
INSERT INTO `images` VALUES ('19', 'http://drphilshowonline.com/upload/2015/03/ff20dc20013337e109cb8d54d1e5b32c.jpg', '1', '1', '2015-03-26 06:33:29', '1', '/upload/2015/03/ff20dc20013337e109cb8d54d1e5b32c_100x75.jpg', '/upload/2015/03/ff20dc20013337e109cb8d54d1e5b32c_300x220.jpg', 'http://drphilshowonline.com/upload/2015/03/ff20dc20013337e109cb8d54d1e5b32c.jpg', null, null, null);
INSERT INTO `images` VALUES ('20', 'http://drphilshowonline.com/upload/2015/04/d4484e9e02387129753ba0ef08e37e9c.png', '1', '1', '2015-04-02 05:05:46', '1', '/upload/2015/04/d4484e9e02387129753ba0ef08e37e9c_100x75.png', '/upload/2015/04/d4484e9e02387129753ba0ef08e37e9c_300x220.png', 'http://drphilshowonline.com/upload/2015/04/d4484e9e02387129753ba0ef08e37e9c.png', null, null, null);
INSERT INTO `images` VALUES ('21', 'http://drphilshowonline.com/upload/2015/04/fe2bb32da290c2c1b9cc0c4b1bcab04e.jpg', '1', '1', '2015-04-02 05:37:06', '1', '/upload/2015/04/fe2bb32da290c2c1b9cc0c4b1bcab04e_100x75.jpg', '/upload/2015/04/fe2bb32da290c2c1b9cc0c4b1bcab04e_300x220.jpg', 'http://drphilshowonline.com/upload/2015/04/fe2bb32da290c2c1b9cc0c4b1bcab04e.jpg', null, null, null);
INSERT INTO `images` VALUES ('22', 'http://drphilshowonline.com/upload/2015/04/d00a765d0f2a4d97c1b23ea53e7a2e68.jpg', '1', '1', '2015-04-02 05:56:04', '1', '/upload/2015/04/46696b5d8042cbef1acf691d5561d206_100x75.jpg', '/upload/2015/04/46696b5d8042cbef1acf691d5561d206_300x220.jpg', 'http://drphilshowonline.com/upload/2015/04/d00a765d0f2a4d97c1b23ea53e7a2e68.jpg', null, null, null);
INSERT INTO `images` VALUES ('23', 'http://drphilshowonline.com/upload/2015/04/cd6f9bd3c957e89059db10923716b438.jpg', '1', '1', '2015-04-02 05:56:23', '1', '/upload/2015/04/09270b96d74636ba9882d9d48aa5360a_100x75.jpg', '/upload/2015/04/09270b96d74636ba9882d9d48aa5360a_300x220.jpg', 'http://drphilshowonline.com/upload/2015/04/cd6f9bd3c957e89059db10923716b438.jpg', null, null, null);
INSERT INTO `images` VALUES ('24', 'http://drphilshowonline.com/upload/2015/04/f300899c0d6cb42e7c55caa1e39b325d.jpg', '1', '1', '2015-04-02 05:56:41', '1', '/upload/2015/04/124d0e45e6237dd4701e76aef94e41ec_100x75.jpg', '/upload/2015/04/124d0e45e6237dd4701e76aef94e41ec_300x220.jpg', 'http://drphilshowonline.com/upload/2015/04/f300899c0d6cb42e7c55caa1e39b325d.jpg', null, null, null);

-- ----------------------------
-- Table structure for menu
-- ----------------------------
DROP TABLE IF EXISTS `menu`;
CREATE TABLE `menu` (
  `menu_id` int(11) NOT NULL AUTO_INCREMENT,
  `menu_name` varchar(255) COLLATE utf8_unicode_ci DEFAULT NULL,
  `number` int(11) DEFAULT NULL,
  `url` varchar(255) COLLATE utf8_unicode_ci DEFAULT NULL,
  `is_active` tinyint(4) DEFAULT NULL,
  `date_add` datetime DEFAULT NULL,
  `date_update` timestamp NULL DEFAULT NULL ON UPDATE CURRENT_TIMESTAMP,
  PRIMARY KEY (`menu_id`)
) ENGINE=InnoDB AUTO_INCREMENT=6 DEFAULT CHARSET=utf8 COLLATE=utf8_unicode_ci;

-- ----------------------------
-- Records of menu
-- ----------------------------
INSERT INTO `menu` VALUES ('1', 'Home', '1', '/', '1', null, '2015-03-24 23:43:36');
INSERT INTO `menu` VALUES ('2', 'Account Info', '2', '/myaccount', '1', null, '2017-05-05 06:56:39');
INSERT INTO `menu` VALUES ('3', 'Drphil Janaury 2015 ', '3', '/shows/drphil-janaury-2015', '0', null, '2015-03-25 06:31:49');
INSERT INTO `menu` VALUES ('4', 'All Dr Phil', '4', '/category/getall', '1', null, '2017-05-05 06:57:04');
INSERT INTO `menu` VALUES ('5', 'Contact me ', '4', '/contact', '1', null, null);

-- ----------------------------
-- Table structure for meta
-- ----------------------------
DROP TABLE IF EXISTS `meta`;
CREATE TABLE `meta` (
  `meta_id` int(11) NOT NULL AUTO_INCREMENT,
  `controller` varchar(255) COLLATE utf8_unicode_ci DEFAULT NULL,
  `action` varchar(255) COLLATE utf8_unicode_ci DEFAULT NULL,
  `is_active` tinyint(4) DEFAULT NULL,
  `meta_title` text COLLATE utf8_unicode_ci,
  `meta_description` text COLLATE utf8_unicode_ci,
  `meta_keyword` text COLLATE utf8_unicode_ci,
  PRIMARY KEY (`meta_id`)
) ENGINE=InnoDB AUTO_INCREMENT=3 DEFAULT CHARSET=utf8 COLLATE=utf8_unicode_ci;

-- ----------------------------
-- Records of meta
-- ----------------------------
INSERT INTO `meta` VALUES ('1', 'index', 'index', '1', 'Dr Phil Show Online - Watch Dr Phil Show Online Full Episodes Free', 'Watch full-length episodes of Dr Phil show this week without signing in. Get the latest Dr Phil show full episodes at drphilshowonline.com. Click to watch ...', 'Dr Phil Show, Dr Phil Show online, Dr Phil show full episdoe, dr phil show online free, watch dr phil online full episodes');
INSERT INTO `meta` VALUES ('2', 'category', 'index', '1', 'Dr Phil March 2015 - Watch Dr Phil Show Online Full Episodes Free', 'Watch full-length episodes of Dr Phil show this week without signing in. Get the latest Dr Phil show full episodes at drphilshowonline.com. Click to watch ...', 'Dr Phil Show, Dr Phil March 2015, Dr Phil show full episdoe, dr phil show online free, watch dr phil online full episodes');

-- ----------------------------
-- Table structure for news
-- ----------------------------
DROP TABLE IF EXISTS `news`;
CREATE TABLE `news` (
  `news_id` int(11) NOT NULL AUTO_INCREMENT,
  `news_title` varchar(255) DEFAULT NULL,
  `news_title_escape` varchar(255) DEFAULT NULL,
  `news_title_ascii` varchar(255) DEFAULT NULL,
  `news_slug` varchar(255) DEFAULT NULL,
  `news_shortlink` varchar(255) DEFAULT NULL,
  `url` varchar(255) DEFAULT NULL,
  `news_description` text,
  `content` longtext,
  `content_master` longtext,
  `type_id` int(11) DEFAULT NULL,
  `news_url` varchar(300) DEFAULT NULL,
  `news_url_short` varchar(300) DEFAULT NULL,
  `is_active` tinyint(4) DEFAULT NULL,
  `is_hot` tinyint(4) DEFAULT NULL,
  `number` int(11) DEFAULT NULL,
  `news_tags` varchar(500) DEFAULT NULL,
  `date_add` datetime DEFAULT NULL,
  `date_update` timestamp NULL DEFAULT NULL ON UPDATE CURRENT_TIMESTAMP,
  `meta_title` varchar(255) DEFAULT NULL,
  `meta_description` varchar(255) DEFAULT NULL,
  `meta_keyword` varchar(255) DEFAULT NULL,
  PRIMARY KEY (`news_id`)
) ENGINE=MyISAM AUTO_INCREMENT=7 DEFAULT CHARSET=utf8;

-- ----------------------------
-- Records of news
-- ----------------------------
INSERT INTO `news` VALUES ('5', 'Welcome Dr Phil Show', 'Welcome Dr Phil Show', 'welcome dr phil show', 'welcome-dr-phil-show', null, 'welcome-dr-phil-show', 'Welcome Dr Phil Show online. At there, you can watch Dr Phil show full episodes free.\r\n\r\nFollow us on Facebook, Google Plus, Twitter to update newest information about Dr Phil Show', '<p style=\"text-align: justify;\">Welcome <strong><a href=\"../../../../../\">Dr Phil Show online</a></strong>. At there, you can <strong>watch Dr Phil show online full episodes free</strong>.</p>\r\n<p style=\"text-align: justify;\"><em><strong>Dr. Phil</strong></em>&nbsp;is a talk show hosted by&nbsp;Phil McGraw. After McGraw\'s success with his segments on&nbsp;<em>The Oprah Winfrey Show</em>,&nbsp;<em>Dr. Phil</em>debuted on September 16, 2002. On both shows McGraw offers advice in the form of \"life strategies\" from his life experience as aclinical psychologist.</p>\r\n<p style=\"text-align: justify;\"><strong>The Dr Phil show</strong> covers a wide variety of topics, including&nbsp;weight loss,&nbsp;financial planning, errant children, gift suggestions, children who have been diagnosed with&nbsp;autism, unhappily married couples,&nbsp;rebellious teenagers, mothers who dress far from their age, mothers who refuse to attend weddings, children being stars and their parents\' rights, the emotional benefits of controlling,&nbsp;dysfunctional families, mothers who refuse to give their married sons money, and support for charitable cause.</p>\r\n<p style=\"text-align: justify;\">Generally, the program is filmed and guests appear in studio, but in 2006, the&nbsp;<strong><em>Dr Phil House</em></strong>&nbsp;began as an occasional series. McGraw and his production staff invite guests to a special house wired with numerous cameras and microphones. There, his staff monitor the conversations of the guests he is trying to help, and intervene as necessary to prevent physical violence. McGraw also provides on-the-spot advice and counseling to the \"house guests.\" McGraw\'s wife, Robin, sits in the studio audience for almost every show, and at the end of the show, walks out of the set with him</p>\r\n<p style=\"text-align: justify;\">Follow us on Facebook, Google Plus, Twitter to update newest information about Dr Phil Show</p>\r\n<p style=\"text-align: justify;\">&nbsp;</p>', '<p style=\"text-align: justify;\">Welcome <strong><a href=\"../../../../../\">Dr Phil Show online</a></strong>. At there, you can <strong>watch Dr Phil show online full episodes free</strong>.</p>\r\n<p style=\"text-align: justify;\"><em><strong>Dr. Phil</strong></em>&nbsp;is a talk show hosted by&nbsp;Phil McGraw. After McGraw\'s success with his segments on&nbsp;<em>The Oprah Winfrey Show</em>,&nbsp;<em>Dr. Phil</em>debuted on September 16, 2002. On both shows McGraw offers advice in the form of \"life strategies\" from his life experience as aclinical psychologist.</p>\r\n<p style=\"text-align: justify;\"><strong>The Dr Phil show</strong> covers a wide variety of topics, including&nbsp;weight loss,&nbsp;financial planning, errant children, gift suggestions, children who have been diagnosed with&nbsp;autism, unhappily married couples,&nbsp;rebellious teenagers, mothers who dress far from their age, mothers who refuse to attend weddings, children being stars and their parents\' rights, the emotional benefits of controlling,&nbsp;dysfunctional families, mothers who refuse to give their married sons money, and support for charitable cause.</p>\r\n<p style=\"text-align: justify;\">Generally, the program is filmed and guests appear in studio, but in 2006, the&nbsp;<strong><em>Dr Phil House</em></strong>&nbsp;began as an occasional series. McGraw and his production staff invite guests to a special house wired with numerous cameras and microphones. There, his staff monitor the conversations of the guests he is trying to help, and intervene as necessary to prevent physical violence. McGraw also provides on-the-spot advice and counseling to the \"house guests.\" McGraw\'s wife, Robin, sits in the studio audience for almost every show, and at the end of the show, walks out of the set with him</p>\r\n<p style=\"text-align: justify;\">Follow us on Facebook, Google Plus, Twitter to update newest information about Dr Phil Show</p>\r\n<p style=\"text-align: justify;\">&nbsp;</p>', '1', null, '/news/5-welcome-dr-phil-show.html', '1', '1', '0', '', '2015-03-25 14:24:14', '2015-04-12 00:01:42', '', '', '');
INSERT INTO `news` VALUES ('6', 'Dr Phil Show Online', 'Dr Phil Show Online', 'dr phil show online', 'dr-phil-show-online', null, 'dr-phil-show-online', '', '<p>Welcome to Dr Phil Show Online. At there, you can watch full-lengh of Dr Phil show free. Welcome and enjoy!</p>', '<p>Welcome to Dr Phil Show Online. At there, you can watch full-lengh of Dr Phil show free. Welcome and enjoy!</p>', '3', null, '/news/6-dr-phil-show-online.html', '1', '0', '0', '', '2015-03-26 00:00:38', '2015-03-26 05:29:54', '', '', '');

-- ----------------------------
-- Table structure for news_image
-- ----------------------------
DROP TABLE IF EXISTS `news_image`;
CREATE TABLE `news_image` (
  `news_id` int(11) NOT NULL DEFAULT '0',
  `image_id` int(11) DEFAULT NULL,
  `is_active` tinyint(4) DEFAULT NULL,
  `type_id` tinyint(4) DEFAULT NULL,
  `date_add` datetime DEFAULT NULL
) ENGINE=MyISAM DEFAULT CHARSET=utf8;

-- ----------------------------
-- Records of news_image
-- ----------------------------
INSERT INTO `news_image` VALUES ('1', '4', '1', '1', '2015-03-25 02:13:10');
INSERT INTO `news_image` VALUES ('2', '5', '1', '1', '2015-03-25 02:15:21');
INSERT INTO `news_image` VALUES ('3', '6', '1', '1', '2015-03-25 02:16:35');
INSERT INTO `news_image` VALUES ('5', '7', '1', '1', '2015-03-25 02:24:21');

-- ----------------------------
-- Table structure for news_tag
-- ----------------------------
DROP TABLE IF EXISTS `news_tag`;
CREATE TABLE `news_tag` (
  `news_id` int(11) NOT NULL,
  `tag_id` int(11) NOT NULL,
  `number` int(11) NOT NULL DEFAULT '0',
  PRIMARY KEY (`news_id`,`tag_id`)
) ENGINE=MyISAM DEFAULT CHARSET=utf8;

-- ----------------------------
-- Records of news_tag
-- ----------------------------

-- ----------------------------
-- Table structure for product
-- ----------------------------
DROP TABLE IF EXISTS `product`;
CREATE TABLE `product` (
  `product_id` int(11) NOT NULL AUTO_INCREMENT,
  `product_name` varchar(255) COLLATE utf8_unicode_ci DEFAULT NULL,
  `product_slug` varchar(255) COLLATE utf8_unicode_ci DEFAULT NULL,
  `link_youtube` varchar(255) COLLATE utf8_unicode_ci DEFAULT NULL,
  `link_facebook` varchar(255) COLLATE utf8_unicode_ci DEFAULT NULL,
  `number` int(11) DEFAULT NULL,
  `url_short` varchar(255) COLLATE utf8_unicode_ci DEFAULT NULL,
  `category_id` int(11) DEFAULT NULL COMMENT '1.Can ho, 2. Nha o, 3.Biet thu',
  `description` text COLLATE utf8_unicode_ci,
  `content` longtext COLLATE utf8_unicode_ci,
  `content_master` longtext COLLATE utf8_unicode_ci,
  `is_hot` tinyint(4) DEFAULT NULL,
  `is_active` tinyint(4) DEFAULT NULL,
  `publish_date` date DEFAULT NULL,
  `tags` varchar(255) COLLATE utf8_unicode_ci DEFAULT NULL,
  `date_add` datetime DEFAULT NULL,
  `date_update` timestamp NULL DEFAULT NULL ON UPDATE CURRENT_TIMESTAMP,
  `meta_title` varchar(255) COLLATE utf8_unicode_ci DEFAULT NULL,
  `meta_description` varchar(255) COLLATE utf8_unicode_ci DEFAULT NULL,
  `meta_keyword` varchar(255) COLLATE utf8_unicode_ci DEFAULT NULL,
  PRIMARY KEY (`product_id`)
) ENGINE=MyISAM AUTO_INCREMENT=28 DEFAULT CHARSET=utf8 COLLATE=utf8_unicode_ci;

-- ----------------------------
-- Records of product
-- ----------------------------
INSERT INTO `product` VALUES ('1', 'Dr Phil March 12 2015 : Is Mom Leading a Secret Life, or Are These Daughters Caught Up in Drama', 'dr-phil-march-12-2015', 'https://www.youtube.com/embed/QAw8Ixx9jd8', null, '1', '/shows/dr-phil-march-2015/dr-phil-march-12-2015', '1', 'Brandy, 24, and Jacki, 27, say they believe their mother, Kimberly, is leading a secret sex life, while maintaining the façade of a happy marriage of 23 years to their stepfather. ', '<h1><strong><a href=\"../../../../../\">Dr Phil show online full episodes</a> on March, 12 2015 : Is Mom Leading a Secret Life, or Are These Daughters Caught Up in Drama</strong></h1>\r\n<p><span>Brandy, 24, and Jacki, 27, say they believe their mother, Kimberly, is leading a secret sex life, while maintaining the fa&ccedil;ade of a happy marriage of 23 years to their stepfather.&nbsp;</span><br /><br /><span>The daughters say their suspicions began when they caught Kimberly sexting on a family vacation. They and their younger sister, Hannah, claim they have since uncovered internet ads, emails and text messages full of questionable behavior. As a result, Brandy and Jacki won\'t allow Kimberly to be around their children anymore.</span><br /><br /><span>Kimberly says her daughters are stirring up drama with half-truths and misinformation &mdash; and need to butt out of her business. \"My daughters have accused me of having an affair on my husband; they\'ve accused me of solicitation for prostitution; they\'ve accused me of taking my granddaughter out in public to meet strangers,\" Kimberly says. \"All these accusations are crazy.\"</span><br /><br /><span><strong>Dr Phil</strong> looks at Brandy and Jacki&rsquo;s &ldquo;evidence&rdquo; and has some tough questions for Kimberly about her behavior. Can Dr. Phil get to the truth - and help put this family back together?</span></p>\r\n<p style=\"text-align: justify;\">The answer will be reveal in the Dr Phil March 11 2015 show. To watch more Dr Phil full episodes show, follow us on Facebook, Google Plus and Twitter to get latest <strong>Dr Phil show</strong>.</p>\r\n<p style=\"text-align: justify;\">Thank you for watching and joining <strong>drphilshowonline.com</strong>. At our website, you can get latest Dr Phil full episodes without signing in.</p>\r\n<p style=\"text-align: justify;\">You can watch next part at: <span style=\"color: #33cccc;\"><strong><a href=\"../../../../../shows/dr-phil-march-2015/dr-phil-march-13-2015\"><span style=\"color: #33cccc;\">Dr Phil March 13 2015</span></a></strong></span>. and more show in this month at: <a href=\"../../../../../shows/dr-phil-march-2015\"><span style=\"color: #33cccc;\"><strong><span style=\"color: #33cccc;\">Dr Phil March 2015</span>&nbsp;</strong></span></a></p>\r\n<p style=\"text-align: justify;\">Have great time!</p>', null, '1', '0', '2015-03-12', 'drphil ', '2015-03-23 23:15:22', '2017-04-26 12:19:36', 'Dr Phil March 12 2015 - Watch Dr Phil Show Online Full Episodes Free', 'Dr Phil March 12 2015 : Is Mom Leading a Secret Life. Watch full episodes of Dr Phil show this week without signing in', 'Dr Phil March 12 2015, Dr Phil Show, Dr Phil March 2015, Dr Phil show full episdoe, dr phil show online free, watch dr phil online full episodes');
INSERT INTO `product` VALUES ('4', 'Dr Phil March 10 2015 : Our 7 Year Old Son Threatens to Kill Us', 'dr-phil-march-10-2015', 'https://www.youtube.com/embed/44OiZzTj1IQ', null, '0', '/shows/dr-phil-march-2015/dr-phil-march-10-2015', '1', '', '<h1 style=\"text-align: justify;\"><span><span id=\"eow-title\" class=\"watch-title long-title\" title=\"Dr Phil March 10 2015 Our 7 Year Old Son Threatens to Kill Us\" dir=\"ltr\" data-mce-mark=\"1\"><a href=\"../../../../../\">Dr Phil Show</a> On March 10, 2015:&nbsp;</span>Our 7 Year Old Son Threatens to Kill Us</span></h1>\r\n<p style=\"text-align: justify;\">Today\'s show of <strong>Dr Phil</strong> is a story about the case of violent child - Rylan. Rylan is the son of Kim and her ex-husband, Ryan. They say they are scared of their 7 years old son - Rylan. Rylan has a special fascination - the fascination with knives. Rylan often have conversations with an imaginary friend named \"Bleeder\" - who tells him to kill his all family.</p>\r\n<p style=\"text-align: justify;\"><span data-mce-mark=\"1\"><span data-mce-mark=\"1\">Exes Kim and Ryan</span>&nbsp;say that they are at their wits\' end with their 7-year-old son, Rylan, whom they adopted as an infant. They also say they have struggled with Rylan&rsquo;s aggressive behavior for most of his young life, and after many many time he have to go to hospital to healing, whit a long list of medications, nothing seems to help. &ldquo;Rylan has routinely threatened to kill and harm himself.\" Kim says, adding that he has also threatened violence toward his family. &ldquo;My biggest fear is that we&rsquo;re raising a school shooter, a mass murderer, a serial killer.&rdquo; He says.</span><br /><br /><span data-mce-mark=\"1\">Ryan also tells about Kim\'s concerns. &ldquo;I do worry about Rylan killing someone,&rdquo; he says. &ldquo;I feel like I have completely let Rylan down &hellip; I know that I can not help him.&rdquo; He adds, &ldquo;We have run out of options.&rdquo;</span></p>\r\n<p style=\"text-align: justify;\"><span data-mce-mark=\"1\">The tendency of violation is constantly increasing in youth today, especially juvenile. Its hazards is&nbsp;not foreseeable. We need an answers for this problem, in other words, we need a method to change behavior of aggressive young youth.</span></p>\r\n<p style=\"text-align: justify;\"><span data-mce-mark=\"1\">What is the solution for this couple and their 7 years old son. And what will Dr Phil could do to help they. What is his advice in this case. All will be reveal in show today. Let enjoy with it.</span></p>\r\n<p style=\"text-align: justify;\"><span data-mce-mark=\"1\"><span data-mce-mark=\"1\">Thank you for watching Dr Phil March 10 2015. Follow us on Facebook, Google Plus and Twitter to be the first one get latest <strong>Dr Phil show</strong>.</span></span></p>\r\n<p style=\"text-align: justify;\"><span><span>You can <span>watch next part at:&nbsp;</span><strong><span><span><span style=\"color: #33cccc;\"><a href=\"../../../../../shows/dr-phil-march-2015/dr-phil-march-11-2015\"><span style=\"color: #33cccc;\">Dr Phil March 11 2015</span></a></span>&nbsp;</span></span></strong><span><span>and&nbsp;</span></span>watch more Dr Phil show in March at:&nbsp;</span><span style=\"color: #33cccc;\"><strong><a href=\"../../../../../shows/dr-phil-march-2015\"><span style=\"color: #33cccc;\">Dr Phil March 2015</span></a></strong></span>&nbsp;.</span></p>\r\n<p style=\"text-align: justify;\"><span>Have a great time!</span></p>', null, '0', '0', '2015-03-10', '', '2015-03-25 17:48:35', '2017-04-26 12:19:36', 'Dr Phil March 10 2015 : Our 7 Year Old Son Threatens to Kill Us', 'Dr Phil March 10 2015 : Our 7 Year Old Son Threatens to Kill Us . Watch full-length episodes of Dr Phil show this week without signing in ...', 'Dr Phil March 10 2015, Dr Phil Show, Dr Phil March 2015, Dr Phil show full episdoe, dr phil show online free, watch dr phil online full episodes');
INSERT INTO `product` VALUES ('2', 'Dr Phil March 13 2015 : Get Out of My House - The Ultimate Mother vs Nanny Feud', 'dr-phil-march-13-2015', 'https://www.youtube.com/embed/jmgCT-mvhYU', null, '2', '/shows/dr-phil-march-2015/dr-phil-march-13-2015', '1', '', '<h1><span style=\"font-family: verdana, geneva;\"><a href=\"../../../../../\">Dr Phil show online</a> full episodes: \"Get Out of My House:\" The Ultimate Mother vs. Nanny Feud</span></h1>\r\n<div class=\"SHW_AirDate\"><span style=\"font-family: verdana, geneva;\"><strong>March 13, 2015</strong></span></div>\r\n<div class=\"TextContent\" style=\"text-align: justify;\" data-twttr-id=\"twttr-sandbox-0\"><br /><span style=\"font-family: verdana, geneva;\">Introduce on <strong>Dr Phil Show Online</strong> on March, 13 2015: </span></div>\r\n<div class=\"TextContent\" style=\"text-align: justify;\" data-twttr-id=\"twttr-sandbox-0\">&nbsp;</div>\r\n<div class=\"TextContent\" style=\"text-align: justify;\" data-twttr-id=\"twttr-sandbox-0\"><span style=\"font-family: verdana, geneva;\">In early 2014, former live-in nanny Diane Stretton made headlines when she was dubbed the &ldquo;squatter nanny\" after refusing to move out of Marcella Bracamonte&rsquo;s home. Tensions run high when the women come face to face on Dr. Phil&rsquo;s stage.&nbsp;</span><br /><br /><span style=\"font-family: verdana, geneva;\">Marcella, a mother of three, claims she fired Diane for failing to perform the live-in nanny duties they had verbally agreed upon, but Diane alleges Marcella had grown overly demanding and that she was harassed and tortured during her employment.&nbsp;</span><br /><br /><span style=\"font-family: verdana, geneva;\">Who&rsquo;s the victim in this mother vs. nanny feud? And why was the law on Diane&rsquo;s side when the Bracamontes\' tried to kick her out of their home?</span></div>\r\n<div class=\"TextContent\" data-twttr-id=\"twttr-sandbox-0\"><span style=\"font-family: verdana, geneva;\">&nbsp;</span></div>\r\n<div class=\"TextContent\" data-twttr-id=\"twttr-sandbox-0\">\r\n<p><span style=\"font-family: verdana, geneva;\">Does Diane plan on suing the Bracamontes? Tune in to find out. Plus, see what happens when Diane faces her sister, Donna, whom she hasn\'t seen in six years. How does Diane explain the multiple lawsuits she has filed against her family?</span></p>\r\n<p><span style=\"font-family: verdana, geneva;\">The answer will be reveal in the Dr Phil March 11 2015 show. To watch more Dr Phil full episodes show, follow us on Facebook, Google Plus and Twitter to get latest Dr Phil show online.</span></p>\r\n<p><span style=\"font-family: verdana, geneva;\"><span style=\"font-family: verdana, geneva;\">Thank you for watching and joining drphilshowonline.com.&nbsp;</span>At our website, you can watch latest Dr Phil full episodes show without signing in.&nbsp;</span></p>\r\n<p><span style=\"font-family: verdana, geneva;\">You can watch next part at:&nbsp;<span style=\"color: #00ffff;\"><strong><a href=\"../../../../../shows/dr-phil-march-2015/dr-phil-march-16-2015\"><span style=\"color: #00ffff;\">Dr Phil March 16 2015</span></a></strong></span>. and more show in this month at:&nbsp;<span style=\"color: #00ffff;\"><strong><a href=\"../../../../../shows/dr-phil-march-2015\"><span style=\"color: #00ffff;\">Dr Phil March 2015</span></a>&nbsp;</strong></span></span></p>\r\n<p><span style=\"font-family: verdana, geneva;\">Have great time!</span></p>\r\n</div>', null, '1', '0', '2015-03-13', 'march', '2015-03-23 23:18:03', '2017-04-26 12:19:35', 'Dr Phil March 13 2015 - Watch Dr Phil Show Online Full Episodes Free', 'Dr Phil March 13 2015 : Get Out of My House - The Ultimate Mother vs Nanny Feud. Watch full-length episodes of Dr Phil show this week without signing in ...', 'Dr Phil March 13 2015, Dr Phil Show, Dr Phil March 2015, Dr Phil show full episdoe, dr phil show online free, watch dr phil online full episodes');
INSERT INTO `product` VALUES ('5', 'Dr Phil March 11 2015 : The Nick Gordon Intervention', 'dr-phil-march-11-2015', 'https://www.youtube.com/embed/G5VCR_tNfOU', null, '3', '/shows/dr-phil-march-2015/dr-phil-march-11-2015', '1', '', '<h1 style=\"text-align: justify;\"><strong><a href=\"../../../../../\">Dr Phil full episodes</a> on March 11 2015 show :&nbsp;The Nick Gordon Intervention</strong></h1>\r\n<p style=\"text-align: justify;\">Welcome to today\'s <strong>Dr Phil full episodes</strong> show. The story of today\'s show is about the guy name Nick Gordon and the emotionally-charged intervention of <strong>Dr Phil</strong> with him in a national television show.&nbsp;</p>\r\n<p style=\"text-align: justify;\"><span data-mce-mark=\"1\">Nick Gordon have the metal trauma. His girlfriend, Bobbi Kristina Brown,&nbsp;<span data-mce-mark=\"1\">the 22-year-old daughter of singer Bobby Brown and the late Whitney Houston, was found in the situation of unresponsive state in a bathroom in January. Nick expresses to Dr Phil the mental anguish, he says he has been suffering because of what happened with his girlfriend as well as from the tragic loss of Whitney Houston three years ago.</span></span></p>\r\n<p style=\"text-align: justify;\"><span data-mce-mark=\"1\"><span data-mce-mark=\"1\"><span data-mce-mark=\"1\">Inspite Bobbi Kristina still remains support life in an Atlanta hospital, w<span data-mce-mark=\"1\">hy does Nick say that he has not been able to visit Bobbi Kristina. W</span></span></span></span>hy does he blame himself for not being able to save Bobbi Kristina or Whitney? What is the basic reason of his trauma. Will Nick accept Dr Phil March 11 2015&rsquo;s offer of help?</p>\r\n<p style=\"text-align: justify;\">The answer will be reveal in the Dr Phil March 11 2015 show. To watch more Dr Phil full episodes show, follow us on Facebook, Google Plus and Twitter to get latest Dr Phil show.</p>\r\n<p style=\"text-align: justify;\">At drphilshowonline.com, you can watch Dr Phil full show without signing in. Thank you for watching!</p>\r\n<p style=\"text-align: justify;\">You can watch next part at: <span style=\"color: #33cccc;\"><strong><a href=\"../../../../../shows/dr-phil-march-2015/dr-phil-march-12-2015\"><span style=\"color: #33cccc;\">Dr Phil March 12 2015</span></a></strong></span>. and more show in this month at: <span style=\"color: #33cccc;\"><strong><a href=\"../../../../../shows/dr-phil-march-2015\"><span style=\"color: #33cccc;\">Dr Phil March 2015</span></a>&nbsp;</strong></span></p>\r\n<p style=\"text-align: justify;\">Have great time!</p>', null, '0', '0', '2015-03-11', '', '2015-03-25 20:53:16', '2017-04-26 12:19:51', 'Dr Phil March 11 2015 : The Nick Gordon Intervention', 'Dr Phil March 11 2015 : The Nick Gordon Intervention. Watch full-length episodes of Dr Phil show this week without signing in ...', 'Dr Phil March 11 2015, Dr Phil Show, Dr Phil March 2015, Dr Phil show full episdoe, dr phil show online free, watch dr phil online full episodes');
INSERT INTO `product` VALUES ('3', 'Deadly Relations', 'deadly-relations', 'https://www.youtube.com/embed/TPftPAJXwxM', null, '0', '/shows/drphil-janaury-2015/deadly-relations', '2', 'Dr Phil January 20 2015 : Deadly Relations Please Subscribe! Dr Phil January 20 2015 Deadly Relations Bailey says she struggles to move on with her life afte...', '<p>Dr Phil January 20 2015 : <a href=\"../../../../../\">Deadly Relations </a>Please Subscribe! Dr Phil January 20 2015 Deadly Relations Bailey says she struggles to move on with her life afte...</p>', null, '1', '0', '0000-00-00', 'january', '2015-03-24 00:04:45', '2015-03-25 09:36:43', 'Dr Phil January 20 2015 : Deadly Relations Please Subscribe! Dr Phil January 20 2015 Deadly Relations Bailey says she struggles to move on with her life afte...', 'Dr Phil January 20 2015 : Deadly Relations Please Subscribe! Dr Phil January 20 2015 Deadly Relations Bailey says she struggles to move on with her life afte...', 'Dr Phil January 20 2015 : Deadly Relations Please Subscribe! Dr Phil January 20 2015 Deadly Relations Bailey says she struggles to move on with her life afte...');
INSERT INTO `product` VALUES ('6', 'Dr Phil September 30 2015', 'dr-phil-september-30-2015', '', null, '0', '/shows/dr-phil-september-2015/dr-phil-september-30-2015', '3', '', '', null, '0', '0', '0000-00-00', '', '2015-03-25 20:54:57', '2015-03-25 09:54:57', '', '', '');
INSERT INTO `product` VALUES ('7', 'Dr Phil March 16 2015 : Inside the Mind of the Man Who Shot the American Sniper', 'dr-phil-march-16-2015', 'https://www.youtube.com/embed/OWxoDASmnzU', null, '0', '/shows/dr-phil-march-2015/dr-phil-march-16-2015', '1', '', '<p><strong><a href=\"../../../../../\">Dr Phil Show</a> on March, 16 2015: Inside the Mind of the Man Who Shot the American Sniper: A Dr. Phil Exclusive</strong><br /><br /><span>Last month, a jury convicted 27-year-old Marine Corps veteran Eddie Ray Routh in the shooting deaths of former U.S. Navy SEAL Chris Kyle &mdash; the inspiration behind the movie American Sniper &mdash; and Kyle&rsquo;s friend, Chad Littlefield, at a Texas shooting range in 2013. Routh admitted to killing the men, but his lawyers argued that he suffered from severe mental problems, including post-traumatic stress disorder (PTSD), after returning home from service &mdash; and even received psychiatric treatment a week before the shootings.&nbsp;</span><br /><br /><span>In an exclusive interview, Routh&rsquo;s parents, Jodi and Raymond, open up to Dr. Phil about their son. What was he like as a child? And, when do they say they noticed a change in his behavior? Jodi admits she reached out to Chris, who volunteered to work with veterans suffering from PTSD, and asked him to help her son. Does she have any regrets?&nbsp;</span><br /><br /><span>Plus, hear from Routh&rsquo;s sister, Laura, who says she was the first person her brother confessed to on that fateful day. Did she ever suspect he was capable of such a horrific act?&nbsp;</span><br /><br /><span>An American Tragedy</span><br /><br /><span>The story of Chris Kyle &mdash; reportedly the deadliest sniper in American history &mdash; became a novel and, later, a record-breaking blockbuster movie, American Sniper. After four tours of duty in Iraq, Chris returned home safe and sound &mdash; but in a terrible twist of fate, on February 2, 2013, the young war hero and his friend, Chad Littlefield, were fatally gunned down at a local shooting range by a troubled Marine veteran they both were trying to help.&nbsp;</span><br /><br /><span>While the movie American Sniper played in theaters, the real-life trial of Eddie Ray Routh played out in a Texas courtroom. Routh&rsquo;s attorneys said the veteran was battling PTSD and schizophrenia when he shot Chris and Chad &mdash; but a jury rejected the insanity defense and found Routh guilty. He was immediately sentenced to life in prison without the possibility of parole. His attorneys plan to appeal the conviction.</span><br /><br /><span>In an exclusive interview, Routh&rsquo;s parents, Jodi and Raymond, and his sister, Laura, speak out for the first time about the son and brother they knew &mdash; a man they say would never have committed this crime, had he gotten the help he needed.</span></p>\r\n<p>Join to <strong>Dr Phil show</strong> on March, 16 2015. To watch more Dr Phil full episodes show, follow us on Facebook, Google Plus and Twitter to get latest Dr Phil show.</p>\r\n<p>At <strong>drphilshowonline.com</strong>, you can watch Dr Phil full show without signing in. Thank you for watching!</p>\r\n<p>You can watch next part at:&nbsp;<span style=\"color: #00ffff;\"><strong><a href=\"../../../../../shows/dr-phil-march-2015/dr-phil-march-17-2015\"><span style=\"color: #00ffff;\">Dr Phil March 17 2015</span></a></strong></span>. and more shows in this month at:&nbsp;<span><strong><span style=\"color: #00ffff;\"><a href=\"../../../../../shows/dr-phil-march-2015/dr-phil-march-10-2015\"><span style=\"color: #00ffff;\">Dr Phil March 2015</span></a></span>&nbsp;</strong></span></p>\r\n<p>Have great time!</p>', null, '0', '0', '2015-03-16', '', '2015-03-25 21:09:06', '2017-04-26 12:19:37', 'Dr Phil March 16 2015 - Watch Dr Phil Show Online Full Episodes Free', 'Dr Phil March 16 2015 : Inside the Mind of the Man Who Shot the American Sniper. Watch full-length episodes of Dr Phil show this week without signing in ...', 'Dr Phil March 16 2015, Dr Phil Show, Dr Phil March 2015, Dr Phil show full episdoe, dr phil show online free, watch dr phil online full episodes');
INSERT INTO `product` VALUES ('8', 'Dr Phil March 17 2015 : Nine Seconds that Outraged the Nation', 'dr-phil-march-17-2015', 'https://www.youtube.com/embed/DDdxzJZXqoM', null, '0', '/shows/dr-phil-march-2015/dr-phil-march-17-2015', '1', '', '<p><strong><a href=\"../../../../../\">Dr phil show online</a> full episodes : Nine Seconds that Outraged the Nation/\"My Racist Father Needs to Accept the Minorities in My Family\"</strong></p>\r\n<p>Introduce <strong>Dr phil show</strong> on March 17, 2015: Racism still exists in America, and it reared its ugly head recently when members of the Sigma Alpha Epsilon fraternity chapter at the University of Oklahoma were caught on tape spewing a racist chant. What can we learn from this incident? Plus, a young woman says she knows about racism first hand, because her father is an Imperial Wizard of the White Knights of the KKK and refuses to accept her biracial child.</p>\r\n<p>Video Outrage<br /><br />In a 9-second video that quickly went viral, party-bound students from the University of Oklahoma&rsquo;s Sigma Alpha Epsilon fraternity chapter were seen on a bus clapping, pumping their fists and laughing as they sang a racist chant. The video sparked outrage and reignited debate across the nation about issues of race. Two students were expelled, and the chapter was shut down, with members given a midnight deadline to vacate their house.<br /><br />One of the expelled students issued an apology, as did the family of the second student. Click here to read the full statements.&nbsp;<br /><br /><strong>Dr.Phil</strong> discusses the incident with OU students Isaac and Lester, as well as La Salle University professor Dr. Charles Gallagher, a researcher in the field of racial and social inequality.&nbsp;<br /><br />Racism in the Family<br /><br />In the second part of the show, Dr. Phil tackles a very sensitive story. He speaks to a young woman, Peyton, 20, who says her father, David, is an Imperial Wizard of the White Knights of the KKK and an unabashed racist. She says he taught her to hate certain people, but she has different beliefs &mdash; and she now has a biracial son, whom she desperately wants her father to accept.<br /><br />David says that is never going to happen. He insists he lives by \"God\'s law,\" not \"man\'s law.\" Is he twisting scripture for his own hatred?</p>\r\n<p>The answer will be reveal in the Dr Phil March 16 2015 show. To watch more Dr Phil full episodes show, follow us on Facebook, Google Plus and Twitter to get latest Dr Phil show.</p>\r\n<p>At <strong>drphilshowonline.com</strong>, you can watch <strong>Dr Phil full show</strong> without signing in. Thank you for watching!</p>\r\n<p>You can watch next part at:&nbsp;<span><strong><a href=\"../../../../../shows/dr-phil-march-2015/dr-phil-march-18-2015\"><span>Dr Phil March 18 2015</span></a></strong></span>. and more show in this month at:&nbsp;<span><strong><a href=\"../../../../../shows/dr-phil-march-2015\"><span>Dr Phil March 2015</span></a>&nbsp;</strong></span></p>\r\n<p>Have great time!</p>', null, '0', '0', '2015-03-17', '', '2015-03-25 21:12:38', '2017-04-26 12:19:37', 'Dr Phil March 17 2015 : Nine Seconds that Outraged the Nation', 'Dr Phil March 17 2015 : Nine Seconds that Outraged the Nation. Watch full-length episodes of Dr Phil show this week without signing in ... ', 'Dr Phil March 17 2015, Dr Phil Show, Dr Phil March 2015, Dr Phil show full episdoe, dr phil show online free, watch dr phil online full episodes');
INSERT INTO `product` VALUES ('9', 'Dr Phil March 18 2015 : Lethal Love: ', 'dr-phil-march-18-2015', 'https://www.youtube.com/embed/ot-WN8AUBJY', null, '0', '/shows/dr-phil-march-2015/dr-phil-march-18-2015', '1', '', '<h1 class=\"yt watch-title-container\"><span id=\"eow-title\" class=\"watch-title long-title\" title=\"Dr Phil March 18 2015 | Lethal Love: \" dir=\"ltr\"><a href=\"../../../../../\">Dr Phil show</a> on March 18, 2015: &nbsp;Lethal Love: \"We Believe Our Son\'s Girlfriend Killed Him\"</span></h1>\r\n<p><span>Welcome to today\'s&nbsp;<strong>Dr Phil Show</strong>!</span></p>\r\n<p><span>In March 2013, Bob&rsquo;s 20-year-old son, Chris, died of an accidental overdose, but Bob and his wife, Sallie, say they&rsquo;re convinced Chris&rsquo; girlfriend, Toni, is responsible. Toni denies having anything to do with Chris&rsquo; death and is instead pointing the finger at Sallie and Bob. Tensions run high when Toni, alongside her father, faces Bob and Sallie for the first time in more than a year. What happened to Chris that night? Plus, hear from Chris&rsquo; childhood friend, Hans, who says Chris had a secret that might have cost him his life. Can these families stop blaming each other and move forward in forgiveness?&nbsp;</span><br /><span>Toni answers the hard questions. What does she say happened that night?</span><br /><span>Toni&rsquo;s father, Rick, accuses Bob of supplying Chris with Fentanyl. How does Bob respond?</span></p>\r\n<p>The answer will be reveal in the Dr Phil March 18 2015 show. To watch more <strong>Dr Phil full episodes</strong> show, follow us on Facebook, Google Plus and Twitter to get latest&nbsp;Dr Phil show.</p>\r\n<p>Thank you for watching and joining&nbsp;<strong>drphilshowonline.com</strong>. At our website, you can get latest Dr Phil full episodes without signing in.</p>\r\n<p>You can watch next part at:&nbsp;<span><strong><a href=\"../../../../../shows/dr-phil-march-2015/dr-phil-march-19-2015\"><span>Dr Phil March 19 2015</span></a></strong></span>. and more show in this month at:&nbsp;<a href=\"../../../../../shows/dr-phil-march-2015\"><span><strong><span>Dr Phil March 2015</span>&nbsp;</strong></span></a></p>\r\n<p>Have great time!</p>', null, '0', '0', '2015-03-18', '', '2015-03-25 21:17:14', '2017-04-26 12:19:38', 'Dr Phil March 18 2015 - Watch Dr Phil Show Online Full Episodes Free', 'Dr Phil March 18 2015: Lethal Love: \"We Believe Our Son\'s Girlfriend Killed Him\". Watch full-length episodes of Dr Phil show this week without signing in ...', 'Dr Phil March 18 2015, Dr Phil Show, Dr Phil March 2015, Dr Phil show full episdoe, dr phil show online free, watch dr phil online full episodes');
INSERT INTO `product` VALUES ('10', 'Dr Phil March 19 2015 : Get Off My Back about My Body', 'dr-phil-march-19-2015', 'https://www.youtube.com/embed/kcPv-Cb-GzE', null, '0', '/shows/dr-phil-march-2015/dr-phil-march-19-2015', '1', '', '<h1 class=\"yt watch-title-container\"><span id=\"eow-title\" class=\"watch-title long-title\" title=\"Dr  Phil March 19 2015 | Get Off My Back about My Body\" dir=\"ltr\"><a href=\"../../../../../\">Dr Phil show full episodes</a> on March 19 2015 | Get Off My Back about My Body</span></h1>\r\n<p><span class=\"watch-title long-title\" title=\"Dr  Phil March 19 2015 | Get Off My Back about My Body\" dir=\"ltr\"><span class=\"watch-title long-title\" title=\"Dr  Phil March 19 2015 | Get Off My Back about My Body\" dir=\"ltr\">Thank you for watching <strong>Dr Phil show</strong> on March 19 2015. If you love this video, please LIKE, COMMENT and SHARE it!</span><br /><br /><span class=\"watch-title long-title\" title=\"Dr  Phil March 19 2015 | Get Off My Back about My Body\" dir=\"ltr\">Nicole says she wants to lose weight but says her &ldquo;fitness freak&rdquo; husband, George, has no compassion or empathy for her struggles, and his intense, drill-sergeant ways aren&rsquo;t helping. George says Nicole is her own biggest obstacle to losing weight -- he says she&rsquo;s lazy, makes excuses and gives up too easily -- and all his efforts to help her have only strained their relationship. How can he motivate his wife? And, Dominique says she knows she needs to lose weight but says her mom, JoAnn, won&rsquo;t stop nagging her about it. Could JoAnn be sabotaging her daughter with her constant comments? The answer will come on Dr Phil March 20 2015. Then, Charles says ever since his identical twin brother, Adam, lost 90 pounds, he has become an arrogant jerk who loves to embarrass Charles about his body. Adam says his brother resents him for getting healthier and needs a serious wake-up call about his weight. Can these brothers heal their relationship while getting to a healthier place?&nbsp;</span></span></p>\r\n<p>To watch more&nbsp;<strong>Dr Phil full episodes&nbsp;show</strong>, follow us on Facebook, Google Plus and Twitter to get latest&nbsp;Dr Phil show.</p>\r\n<p>At <strong>drphilshowonline.com</strong>, you can get latest Dr Phil full episodes without signing in! Enjoy with it!</p>\r\n<p>You can watch next part at:&nbsp;<strong><a href=\"../../../../../shows/dr-phil-march-2015/dr-phil-march-20-2015\">Dr Phil March 20 2015</a></strong>. and more show in this month at:&nbsp;<a href=\"../../../../../shows/dr-phil-march-2015\"><strong>Dr Phil March 2015&nbsp;</strong></a></p>\r\n<p>Have great time!</p>\r\n<p>&nbsp;</p>', null, '0', '0', '2015-03-19', '', '2015-03-25 21:27:42', '2017-04-26 12:19:38', 'Dr Phil March 19 2015 : Get Off My Back about My Body', 'Dr Phil March 19 2015 : Get Off My Back about My Body. Watch full-length episodes of Dr Phil show this week without signing in ...', 'Dr Phil March 19 2015, Dr Phil Show, Dr Phil March 2015, Dr Phil show full episdoe, dr phil show online free, watch dr phil online full episodes');
INSERT INTO `product` VALUES ('11', 'Dr Phil March 20 2015 : Shocking Accusations: A Husband Poisoned A Hit and Run', 'dr-phil-march-20-2015', 'https://www.youtube.com/embed/EV8vu5jMHa4', null, '0', '/shows/dr-phil-march-2015/dr-phil-march-20-2015', '1', '', '<p><strong><a href=\"../../../../../\">Dr Phil show full episodes</a> on March 20, 2015: Shocking Accusations: A Husband Poisoned? A Hit and Run?</strong><br />March 20, 2015<br /><br />Nikki says her three-year marriage has turned volatile. She claims her husband, Mark, has punched her in the face, broken her nose and run over her toe with his truck &mdash; among other allegations &mdash; all of which he denies. Mark claims Nikki instigates most of their fights and has violent outbursts, and he suspects she might be trying to kill him. The couple admits their confrontations happen in front of their two young children, and both say they want to save their marriage. Dr. Phil intervenes for the sake of their kids. Can this toxic relationship be healed?<br /><br />Chaos: Witnessed by Children<br /><br />Nikki says when she met her husband, Mark, five years ago, he was a total gentleman. But now, she claims Mark is abusive and purposely making her miserable. &ldquo;Mark became violent with me soon after I was pregnant with our oldest daughter, and it has escalated over the last three years,&rdquo; she says. &ldquo;Mark and I fight and argue daily. It&rsquo;s a chaotic home.&rdquo; She claims Mark has instigated more than 20 physical fights.<br /><br />Mark denies being abusive and says Nikki instigates most of their fights and thrives on playing the victim. &ldquo;I am not an abuser,&rdquo; he says. &ldquo;Battered wives are scared and timid, because they&rsquo;re afraid they&rsquo;re going to be battered. My wife is the exact opposite. My wife will nag, push me and slap me. She has punched me.&rdquo; He adds, &ldquo;She will poke and prod until I finally explode.&rdquo; He says the situation has gotten so bad that he recently moved out.</p>\r\n<p>You can watch next part at:&nbsp;<span style=\"color: #00ffff;\"><strong><a href=\"../../../../../shows/dr-phil-march-2015/dr-phil-march-23-2015\"><span style=\"color: #00ffff;\">Dr Phil March 23 2015</span></a></strong></span>. and more show in this month at:&nbsp;<span style=\"color: #00ffff;\"><strong><a href=\"../../../../../shows/dr-phil-march-2015\"><span style=\"color: #00ffff;\">Dr Phil March 2015&nbsp;</span></a></strong></span></p>', null, '0', '0', '2015-03-20', '', '2015-03-25 21:39:21', '2017-04-26 12:19:39', 'Dr Phil March 20 2015 - Watch Dr Phil Show Online Full Episodes Free', 'Dr Phil March 20 2015 : Shocking Accusations: A Husband Poisoned A Hit and Run. Watch full-length episodes of Dr Phil show this week without signing in ...', 'Dr Phil March 20 2015, Dr Phil Show, Dr Phil March 2015, Dr Phil show full episdoe, dr phil show online free, watch dr phil online full episodes');
INSERT INTO `product` VALUES ('12', 'Dr Phil March 23 2015 : Young, Beautiful and Missing/“Homeless Joe” Returns', 'dr-phil-march-23-2015', 'https://www.youtube.com/embed/TqTch3mWa3Q', null, '0', '/shows/dr-phil-march-2015/dr-phil-march-23-2015', '1', '', '<h1 class=\"yt watch-title-container\"><a href=\"../../../../../\">Dr Phil show</a> on March 23, 2015: Young, Beautiful and Missing/&ldquo;Homeless Joe&rdquo; Returns</h1>\r\n<p><span data-mce-mark=\"1\"><strong>Dr. Phil</strong> explores potential new clues in the separate cold cases of Ashley Summers and Michelle Parker, who have been missing for several years. What happened to these young women?&nbsp;</span><br /><br /><span data-mce-mark=\"1\">Plus, when Dr Phil last checked up on &ldquo;Homeless Joe&rdquo;, he was missing in action after abruptly leaving rehab in Texas. After being tracked down, Joe returns to Dr. Phil &mdash; how is he doing now?</span><br /><br /><span data-mce-mark=\"1\">Also, Pfizer\'s Freda Lewis-Hall, M.D. discusses end-stage renal disease (ESRD) with Monica, who is awaiting her third kidney transplant.</span><br /><br /><span data-mce-mark=\"1\">Missing: Ashley Summers</span><br /><br /><span data-mce-mark=\"1\">Fourteen-year-old Ashley Summers vanished in 2007 &mdash; just blocks away from Ariel Castro&rsquo;s Cleveland &ldquo;House of Horrors&rdquo; &mdash; and besides a brief phone call to her mother in 2008, she hasn&rsquo;t been heard from since. Ashley&rsquo;s mother, Jennifer, and step-grandmother, Linda, join Dr. Phil in search of answers. Could a newly-released FBI photo prove that Ashley &mdash; who would be 22 &mdash; is alive and well?&nbsp;</span><br /><br /><span data-mce-mark=\"1\">Missing: Michelle Parker</span><br /><br /><span data-mce-mark=\"1\">In November 2011, young mother of three Michelle Parker disappeared without a trace after dropping off her 3-year-old twins at the home of their father &mdash; the same day the bitter exes appeared together in an episode of The People&rsquo;s Court. Michelle&rsquo;s father, Brad, says he believes Michelle\'s ex had something to do with her disappearance &mdash; which Michelle\'s ex absolutely denies, despite having been named early in the investigation as the primary suspect.</span></p>\r\n<p><span>Watch next part of Dr Phil show at:&nbsp;<span style=\"color: #00ffff;\"><strong><a href=\"../../../../../shows/dr-phil-march-2015/dr-phil-march-24-2015\"><span style=\"color: #00ffff;\">Dr Phil March 24 2015</span></a></strong></span><span>. and more show in this month at:&nbsp;</span><span style=\"color: #00ffff;\"><a href=\"../../../../../shows/dr-phil-march-2015\"><span style=\"color: #00ffff;\"><strong><span>Dr Phil March 2015</span>&nbsp;</strong></span></a></span></span></p>', null, '0', '0', '2015-03-23', '', '2015-03-25 21:41:33', '2017-04-26 12:19:39', 'Dr Phil March 23 2015 - Watch Dr Phil Show Online Full Episodes Free', 'Dr Phil March 23 2015. Watch full-length episodes of Dr Phil show this week without signing in ...', 'Dr Phil March 23 2015, Dr Phil Show, Dr Phil March 2015, Dr Phil show full episdoe, dr phil show online free, watch dr phil online full episodes');
INSERT INTO `product` VALUES ('13', 'Dr Phil March 24 2015 : Lifetime Grudge Can Mother and Daughter Finally Bury the Hatchet', 'dr-phil-march-24-2015', 'https://www.youtube.com/embed/Pr7uBCDQ1-Q', null, '0', '/shows/dr-phil-march-2015/dr-phil-march-24-2015', '1', '', '<h1><a href=\"../../../../../\">Dr Phil Show Online</a> 2015: Lifetime Grudge: Can Mother and Daughter Finally Bury the Hatchet?</h1>\r\n<p>Welcome to<strong> Dr phil Show</strong> on March 24, 2015</p>\r\n<p><span data-mce-mark=\"1\">Amber, 24, says her mother, Julie, failed her as a parent, and she wants an apology for what she claims were years of verbal, emotional and physical abuse. Julie completely denies laying a hand on Amber, except in self-defense, and says she doesn&rsquo;t understand why Amber recently cut her out of her life. Can Dr. Phil help foster a peace? Plus, don&rsquo;t miss an update on former guests&nbsp;</span>Candi and Lyndsey!</p>\r\n<h3>Toxic Mother/Daughter Relationship?</h3>\r\n<p><span data-mce-mark=\"1\">&ldquo;Growing up, my mother was extremely physically abusive,&rdquo; says Amber, 24, about her mother, Julie. &ldquo;When I was 7 years old, she picked up a remote and threw it at me. To this day, I can still feel the bump in my ear.&rdquo;&nbsp;</span><br /><br /><span data-mce-mark=\"1\">Julie admits she remembers a time when she threw dishes when she was upset, but says, &ldquo;After that one incident, I was never physical with my children.&rdquo; Julie claims Amber once put her in a choke hold, grabbed her car keys and took off. The police were called that day, and Julie says they reprimanded Amber.&nbsp;</span><br /><br /><span data-mce-mark=\"1\">&ldquo;As I got older, I started fighting my mom back,\" Amber says. \"I&rsquo;ve stopped my mom &ndash; hit her, punched her. Our relationship is extremely toxic and at this point, I don&rsquo;t want her in my life.&rdquo;&nbsp;</span><br /><br /><span data-mce-mark=\"1\">Julie says she doesn&rsquo;t understand why Amber recently cut her out of her life and is keeping her grandchildren from her. &ldquo;I have no idea why this happened. I was completely blindsided by this,&rdquo; Julie says.&nbsp;</span></p>\r\n<p><span><span>You can watch next part of <strong>Dr Phil show</strong> at:&nbsp;</span><span style=\"color: #00ffff;\"><strong><a href=\"../../../../../shows/dr-phil-march-2015/dr-phil-march-25-2015\"><span style=\"color: #00ffff;\">Dr Phil March 25 2015</span></a></strong></span><span>. and more show in this month at:&nbsp;</span><span><a href=\"../../../../../shows/dr-phil-march-2015\"><span><strong><span style=\"color: #00ffff;\">Dr Phil March 2015</span>&nbsp;</strong></span></a></span></span></p>\r\n<p>Thank for joining our website!</p>', null, '0', '0', '2015-03-24', '', '2015-03-25 21:56:32', '2017-04-26 12:19:40', 'Dr Phil March 24 2015 - Watch Dr Phil Show Online Full Episodes Free', 'Dr Phil March 24 2015 . Watch full-length episodes of Dr Phil show this week without signing in ...', 'Dr Phil March 24 2015, Dr Phil Show, Dr Phil March 2015, Dr Phil show full episdoe, dr phil show online free, watch dr phil online full episodes');
INSERT INTO `product` VALUES ('14', 'Dr Phil March 25 2015 : 15 and A Teenage Terror', 'dr-phil-march-25-2015', 'https://www.youtube.com/embed/A6PLp9RvFg8', null, '0', '/shows/dr-phil-march-2015/dr-phil-march-25-2015', '1', '', '<h2><a href=\"../../../../../\">Dr Phil show full episodes</a> on March 25, 2015: 15 and a Teenage Terror</h2>\r\n<p><span>Vicki says she is desperate for help for her out-of-control 15-year-old daughter, Josie. She says her daughter has been kicked out of school, steals, drinks, uses drugs, has been caught sneaking boys into her bedroom and is facing battery and runaway charges.&nbsp;</span><br /><br /><span>Josie admits she doesn&rsquo;t like being told no but says, &ldquo;Every teenager makes mistakes.&rdquo;&nbsp;</span><br /><br /><span>Dr. Phil has some tough questions for Vicki. Is this a case of a bad teen, bad parenting or something else? And, Dr. Phil talks to Josie about how her choices now could affect her future. Will she be inspired to make some positive changes?&nbsp;</span></p>\r\n<h3>Spinning Out of Control</h3>\r\n<p><span><span>&ldquo;My daughter, Josie, is completely out of control, basically running the house,&rdquo; Vicki says. &ldquo;She will do what she wants to do, no matter what we say as parents.&rdquo;</span><br /><br /><span>&ldquo;I hate it when my mom tells me no,&rdquo; Josie says.</span><br /><br /><span>&ldquo;When Josie doesn&rsquo;t get her way, she blows up immediately,&rdquo; Vicki says. &ldquo;When Josie has a fit of anger, we&rsquo;re always under attack. It&rsquo;s all about her breaking, shoving, kicking things, throwing things.&rdquo;&nbsp;</span><br /><br /><span>Josie admits she and her mom have gotten into physical fights that have ended with one or both of them &ldquo;bleeding, crying or running away.&rdquo;&nbsp;</span><br /><br /><span>&ldquo;Josie&rsquo;s behavior is so unpredictable, we never know what to expect,&rdquo; Vicki says. She says she dreads going home from work because she never knows what is waiting for her. Vicki says one night, Josie attacked Vicki&rsquo;s husband, Howard, and she had to call 911. &ldquo;They came out and arrested her for hitting Howard.&rdquo;&nbsp;</span><br /><br /><span>&ldquo;I was in jail for nine days. I can&rsquo;t believe my mom called the cops on me,&rdquo; Josie says.</span><br /><span>&nbsp;</span><br /><span>Vicki says her daughter is drinking alcohol and using marijuana and other drugs. &ldquo;Her favorite thing to say is, &lsquo;I&rsquo;m a teenager, what do you expect?&rsquo;&rdquo; Vicki says. &ldquo;I&rsquo;m exhausted. I don&rsquo;t know what to do anymore.&rdquo;</span></span></p>\r\n<p><span><span><span>Watch next part of Dr Phil show at:&nbsp;</span><span style=\"color: #00ffff;\"><strong><a href=\"../../../../../shows/dr-phil-march-2015/dr-phil-march-26-2015\"><span style=\"color: #00ffff;\">Dr Phil March 26 2015</span></a></strong></span><span>. and more show in this month at:&nbsp;</span><span><a href=\"../../../../../shows/dr-phil-march-2015\"><span><strong><span style=\"color: #00ffff;\">Dr Phil March 2015</span>&nbsp;</strong></span></a></span></span></span></p>', null, '0', '0', '2015-03-25', '', '2015-03-25 22:03:34', '2017-04-26 12:19:41', 'Dr Phil March 25 2015 : 15 and A Teenage Terror', 'Dr Phil March 25 2015 : 15 and A Teenage Terror. Watch full-length episodes of Dr Phil show this week without signing in ...', 'Dr Phil March 25 2015, Dr Phil Show, Dr Phil March 2015, Dr Phil show full episdoe, dr phil show online free, watch dr phil online full episodes');
INSERT INTO `product` VALUES ('15', 'Dr Phil March 26 2015 : “My Mother Refuses to Cut the Cord with My Mama’s Boy Brother”', 'dr-phil-march-26-2015', 'https://www.youtube.com/embed/fIAuC3ImKAs', null, '0', '/shows/dr-phil-march-2015/dr-phil-march-26-2015', '1', '', '<h2><a href=\"../../../../../\">Dr Phil show full episodes</a> on March 26, 2015: &ldquo;My Mother Refuses to Cut the Cord with My Mama&rsquo;s Boy Brother&rdquo;</h2>\r\n<p>Andreya says her 32-year-old brother, Tony, is addicted to prescription pills and has a gambling problem, with losses that she believes could be more than $100,000 &mdash; and their mother, Linda, is enabling him all the way. She says their mother lets Tony live with her for free, works two jobs to pay all his bills, refuses to kick him out and turns a blind eye to his drug use.&nbsp;<br /><br />Linda says all she wants to do is take care of her &ldquo;little boy&rdquo; and refuses to listen to anyone bad-mouth her baby.&nbsp;<br /><br />Tony admits he&rsquo;s a smooth operator and can use charm and personality to get anything he wants. He says he was even facing 45 years in prison for drug trafficking, but the arresting officer pleaded for leniency, and Tony served only a little more than three years.&nbsp;<br /><br />Can Linda learn to stop supporting her son&rsquo;s dangerous lifestyle before he ends up back in prison &mdash; or dead?&nbsp;</p>\r\n<h3>Enabling Mom</h3>\r\n<p>&ldquo;My mother is the biggest enabler in the world,&rdquo; Andreya says. &ldquo;She does everything for Tony. She pays the bills, the mortgage. She pays for his truck. She pays for his gas. She stocks the refrigerator. No matter what he needs, he has. My mom supports him 100 percent. My mother is 68 years old and works two jobs. My mom will even wake him up in the mornings to go to work. Why do you have to wake up a 32-year-old? Go buy an alarm clock!\"<br /><br />Andreya continues, &ldquo;My mother knows that he&rsquo;s a drug addict, but she turns a blind eye. She lies for him. She will make excuses for him ... My brother is a junkie. He&rsquo;s a loser.&rdquo;<br /><br />Andreya says Tony is also a gambling addict and spends every night at the casino. She says he wins money, goes out to buy and do drugs and then goes back to gambling. She says when he wins big, she gets scared he will overdose.&nbsp;<br /><br />Linda admits, &ldquo;My son, Tony, is a mama&rsquo;s boy. I&rsquo;m going to take care of him. I&rsquo;m going to make his life easier. I love having Tony around. If it weren&rsquo;t for Tony being here, I&rsquo;d be talking to my dog, all by myself, waiting for her to answer.&rdquo;<br /><br />Linda claims she&rsquo;s never seen her son do drugs. &ldquo;When Tony got arrested, I had no clue that he was selling drugs. I was ashamed to say my son was in prison, so I didn&rsquo;t tell anybody. I would make excuses: &lsquo;Oh, Tony&rsquo;s working,&rsquo;&rdquo; she says. &ldquo;I can&rsquo;t kick him out. I&rsquo;m worried something is going to happen to him. Where&rsquo;s he going to eat? Where&rsquo;s he going to sleep? I don&rsquo;t care what anybody says, he will always be my baby.&rdquo;</p>\r\n<h3>A Smooth Operator?</h3>\r\n<p><span>Tony admits, &ldquo;People call me a smooth operator, a used car salesman. I&rsquo;ve been conning people for a while. It&rsquo;s the addiction coming out of me.&rdquo;</span><br /><span>&nbsp;</span><br /><span>Tony admits his weakness is pain pills. He says at his worst, he has snorted 10 to 12 pills a day, and then does cocaine. &ldquo;I&rsquo;ve spent over $10,000 on drugs. This is an expensive nose. A lot of pills have gone up this nose,&rdquo; he says. Cameras capture Tony crushing a pill and snorting it &mdash; while driving.</span></p>\r\n<p>&nbsp;<span>Watch next part of Dr Phil show at:&nbsp;</span><span style=\"color: #00ffff;\"><strong><a href=\"../../../../../shows/dr-phil-march-2015/dr-phil-march-27-2015\"><span style=\"color: #00ffff;\">Dr Phil March 27 2015</span></a></strong></span><span>. and more show in this month at:&nbsp;</span><span style=\"color: #00ffff;\"><a href=\"../../../../../shows/dr-phil-march-2015\"><span style=\"color: #00ffff;\"><strong>Dr Phil March 2015&nbsp;</strong></span></a></span></p>', null, '0', '0', '2015-03-26', '', '2015-03-26 18:30:35', '2017-04-26 12:19:41', 'Dr Phil March 26 2015: “My Mother Refuses to Cut the Cord with My Mama’s Boy Brother”', 'Dr Phil March 26 2015: “My Mother Refuses to Cut the Cord with My Mama’s Boy Brother”. Watch full episodes of Dr Phil show this week without signing in', 'Dr Phil March 26 2015, Dr Phil Show, Dr Phil March 2015, Dr Phil show full episdoe, dr phil show online free, watch dr phil online full episodes');
INSERT INTO `product` VALUES ('16', 'Dr Phil March 27 2015: Blacklisted by Mom: ', 'dr-phil-march-27-2015', 'https://www.youtube.com/embed/-0VTMkgIEB4', null, '0', '/shows/dr-phil-march-2015/dr-phil-march-27-2015', '1', '', '<h2><a href=\"../../../../../\">Dr Phil show</a> on March 27, 2015: Blacklisted by Mom: \"Can We Speak to Our Dad Before He Dies?\"</h2>\r\n<div class=\"SHW_AirDate\">March 27, 2015</div>\r\n<div class=\"TextContent\" data-twttr-id=\"twttr-sandbox-0\"><br />Siblings Karina, Nicole, Amber and Chase say their mother, Teresa, has blacklisted them from the family and won&rsquo;t let them see their father, Michael, who is dying of bone cancer. They claim Teresa won&rsquo;t give them a current address and even deletes their voicemails and text messages to Michael. They say they miss their father and younger siblings, who still live at home.&nbsp;<br /><br />Teresa strongly denies these accusations and points the finger back at her oldest children, who she claims have isolated themselves from the family. She says she has provided everything for her kids and doesn\'t understand why they have turned their backs on her and Michael now.&nbsp;<br /><br />Emotions run high when this fractured family comes together on Dr. Phil&rsquo;s stage &mdash; and these four children reunite with their father. What does he say about the situation? What&rsquo;s at the root of this family feud? And, can they put an end to the fighting before it\'s too late?</div>\r\n<div class=\"TextContent\" data-twttr-id=\"twttr-sandbox-0\">&nbsp;</div>\r\n<div class=\"TextContent\" data-twttr-id=\"twttr-sandbox-0\">Thank you for watching! Follow us on Facebook, Google Plus, Twitter to be the first one get latest Dr Phil show full episodes.</div>', null, '0', '0', '2015-03-27', '', '2015-03-26 18:33:12', '2017-04-26 12:19:42', 'Dr Phil March 27 2015: Blacklisted by Mom: \"Can We Speak to Our Dad Before He Dies?\"', 'Dr Phil March 27 2015: Blacklisted by Mom.  Watch full episodes of Dr Phil show this week without signing in', 'Dr Phil March 27 2015, Dr Phil Show, Dr Phil March 2015, Dr Phil show full episdoe, dr phil show online free, watch dr phil online full episodes');
INSERT INTO `product` VALUES ('17', 'Dr Phil May 5 2017 From Preschool Teacher and PTA Mom to a Shoplifting Drug Dealer', 'dr-phil-may-5-2017-from-preschool-teacher-and-pta-mom-to-a-shoplifting-drug-dealer', 'https://drive.google.com/file/d/0BwGVHaqHZrAuelJCWmJoMUZlOVU/preview', '', '0', '/shows/dr-phil-may-2017/dr-phil-may-5-2017-from-preschool-teacher-and-pta-mom-to-a-shoplifting-drug-dealer', '5', '', '<p><span>Rachel says she hates her mother, Aundrea, who she insists is not only an embarrassment to her and her family, but also stole her childhood due to Aundrea&rsquo;s alcoholism and prescription pill addiction.</span><br /><br /><span>From reportedly showing up drunk to Rachel&rsquo;s 5th-grade birthday party in front of Rachel&rsquo;s classmates and driving Rachel&rsquo;s carpool intoxicated, to being arrested multiple times for DUI and shoplifting, Rachel says she doesn&rsquo;t know if she can ever forgive her mother. Aundrea admits she&rsquo;s an alcoholic and a liar, and claims she is keeping two dark and embarrassing secrets from her family that could cause her to serve serious prison time. How will her family handle Aundrea&rsquo;s shocking confessions?</span></p>', null, '1', '1', '2017-05-05', '', '2015-04-02 16:20:27', '2017-05-05 22:19:27', '', '', '');
INSERT INTO `product` VALUES ('23', 'Dr Phil May 8 2017: A Sick Online Prank- Led to an 11-Year-Old Boy’s Suicide By Hanging: His Mother Speaks Out', 'dr-phil-may-8-2017-a-sick-online-prank-led-to-an-11-year-old-boy-s-suicide-by-hanging-his-mother-speaks-out', 'https://drive.google.com/file/d/0BwGVHaqHZrAuS1dPbVIwcVlxd0E/preview', '', '0', '/shows/dr-phil-may-2017/dr-phil-may-8-2017-a-sick-online-prank-led-to-an-11-year-old-boy-s-suicide-by-hanging-his-mother-speaks-out', '5', '', '<p><span>It was a national news story that shocked and broke hearts across the nation: an 11-year-old boy committed&nbsp;suicide&nbsp;after an alleged social media prank.&nbsp;</span><br /><br /><span>Katrina Goss says she found her son, Tysen, hanging in his bedroom closet after she says his reported &ldquo;girlfriend&rdquo; faked her own death. How did what is being called a &ldquo;cruel teen joke&rdquo; spiral so out of control? In an exclusive interview, Katrina shares intimate details of that fateful night and heartbreaking last moments of her son&rsquo;s life. Plus, find out why she says she believes this may have been something more than a prank.</span><br /><br /><a href=\"http://plugger.drphil.com/plugger/respond/?plugID=16218&amp;utm_source=jan2017v1_POSTpages&amp;utm_campaign=drp_post_pages\"><strong>TELL DR. PHIL YOUR STORY:</strong>&nbsp;Have a headline-making story in a small town?</a><span>&nbsp;</span><br /><br /></p>\r\n<h5><a href=\"http://www.drphil.com/videos/grief-stricken-mom-speaks-out-about-11-year-old-tysen-benz-committing-suicide-after-social-media-prank/\">Grief-Stricken Mom Speaks Out About 11-Year-Old Tysen Benz Committing Suicide After &lsquo;Social Media Prank&rsquo;</a><br /><a href=\"http://www.drphil.com/videos/grief-stricken-mom-speaks-out-about-11-year-old-tysen-benz-committing-suicide-after-social-media-prank/\" rel=\"attachment wp-att-155142\"><img class=\"alignnone size-full wp-image-155142\" src=\"http://img.drphil.com/wp-content/uploads/2017/05/15422_001-Vid.jpg\" alt=\"\" width=\"500\" height=\"281\" /></a><a href=\"http://www.drphil.com/videos/grief-stricken-mom-speaks-out-about-11-year-old-tysen-benz-taking-his-life-after-social-media-prank/\"><br /></a><br /><a href=\"http://www.drphil.com/videos/mom-of-tysen-benz-who-committed-suicide-says-she-noticed-behavior-changes-in-her-son/\">Mom Of Tysen Benz, Who Committed Suicide, Says She Noticed Behavior Changes In Her Son<br /><img class=\"alignnone wp-image-155143 size-full\" src=\"http://img.drphil.com/wp-content/uploads/2017/05/15422_002-Vid.jpg\" alt=\"\" width=\"500\" height=\"281\" /></a>&nbsp;<br /><a href=\"http://www.drphil.com/videos/mom-says-tysen-benz-had-a-regular-day-before-he-ended-his-life/\">Mom Says Tysen Benz Had A &ldquo;Regular Day&rdquo; Before He Ended His Life</a><br /><a href=\"http://www.drphil.com/videos/mom-says-tysen-benz-had-a-regular-day-before-he-ended-his-life/\" rel=\"attachment wp-att-155144\"><img class=\"alignnone size-full wp-image-155144\" src=\"http://img.drphil.com/wp-content/uploads/2017/05/15422_003-vid.jpg\" alt=\"\" width=\"500\" height=\"281\" /><br /></a><a href=\"http://www.drphil.com/videos/tysen-benz-mom-reveals-what-she-claims-police-said-happened-the-night-her-son-took-his-own-life/\">Tysen Benz&rsquo; Mom Reveals What She Claims Police Said Happened The Night Her Son Took His Own Life</a><br /><a href=\"http://www.drphil.com/videos/tysen-benz-mom-reveals-what-she-claims-police-said-happened-the-night-her-son-took-his-own-life/\"><img class=\"alignnone size-full wp-image-155145\" src=\"http://img.drphil.com/wp-content/uploads/2017/05/15422_004-VID.jpg\" alt=\"\" width=\"500\" height=\"281\" /></a><br /><a href=\"http://www.drphil.com/videos/i-dont-wish-it-on-anyone-or-my-worst-enemy-says-grieving-mom-of-taking-her-son-off-life-support/\">I Don&rsquo;t Wish It On Anyone Or My Worst Enemy,&rsquo; Says Grieving Mom Of Taking Her Son Off Life Support</a><br /><a href=\"http://www.drphil.com/videos/i-dont-wish-it-on-anyone-or-my-worst-enemy-says-grieving-mom-of-taking-her-son-off-life-support/\" rel=\"attachment wp-att-155146\"><img class=\"alignnone size-full wp-image-155146\" src=\"http://img.drphil.com/wp-content/uploads/2017/05/15422_005-VID.jpg\" alt=\"\" width=\"500\" height=\"281\" /><br /></a><a href=\"http://www.drphil.com/videos/grieving-mom-calls-for-stricter-laws-on-internet-pranking-and-cyberbullying-after-son-takes-his-own-life/\">Grieving Mom Calls For Stricter Laws On Internet Pranking and Cyberbullying After Son Takes His Own Life</a><br /><a href=\"http://www.drphil.com/videos/grieving-mom-calls-for-stricter-laws-on-internet-pranking-and-cyberbullying-after-son-takes-his-own-life/\" rel=\"attachment wp-att-155148\"><img class=\"alignnone size-full wp-image-155148\" src=\"http://img.drphil.com/wp-content/uploads/2017/05/15422_007-VID.jpg\" alt=\"\" width=\"500\" height=\"281\" /><br /></a><a href=\"http://www.drphil.com/videos/we-dont-have-all-the-facts-says-dr-phil-of-tysen-benz-tragedy/\">&lsquo;We Don&rsquo;t Have All The Facts,&rsquo; Says Dr. Phil Of Tysen Benz Tragedy</a><br /><a href=\"http://www.drphil.com/videos/we-dont-have-all-the-facts-says-dr-phil-of-tysen-benz-tragedy/\" rel=\"attachment wp-att-155149\"><img class=\"alignnone size-full wp-image-155149\" src=\"http://img.drphil.com/wp-content/uploads/2017/05/15422_008-VID.jpg\" alt=\"\" width=\"500\" height=\"281\" /></a>&nbsp;<br /><a href=\"http://www.drphil.com/advice/common-myths-about-suicide/\">Common Myths About Suicide</a><br /><a href=\"http://www.drphil.com/advice/common-myths-about-suicide/\"><img class=\"alignnone size-full wp-image-155147\" src=\"http://img.drphil.com/wp-content/uploads/2017/05/15422_006-VID.jpg\" alt=\"\" width=\"500\" height=\"278\" /></a><a href=\"http://www.drphil.com/advice/common-myths-about-suicide/\" rel=\"attachment wp-att-155147\"><br /></a><a href=\"http://www.drphil.com/advice/9-things-the-media-should-avoid-when-reporting-on-suicide/\">9 Things The Media Should Avoid When Reporting On Suicide</a><br /><a href=\"http://www.drphil.com/advice/9-things-the-media-should-avoid-when-reporting-on-suicide/\"><img class=\"alignnone wp-image-155150 size-full\" src=\"http://img.drphil.com/wp-content/uploads/2017/05/15422_009-VId.jpg\" alt=\"\" width=\"500\" height=\"281\" /></a></h5>', null, '1', '1', '2017-05-08', 'dr phil may 8 2017', '2017-05-08 22:37:16', '2017-05-08 21:32:07', '', '', '');
INSERT INTO `product` VALUES ('19', 'Dr Phil May 2 2017', 'dr-phil-may-2-2017', 'https://drive.google.com/file/d/0BwGVHaqHZrAua2trNGtqZFYwbmM/preview', '', '0', '/shows/dr-phil-may-2017/dr-phil-may-2-2017', '5', '', '', null, '0', '1', '2017-05-01', '', '2015-04-02 16:47:58', '2017-05-05 22:17:29', '', '', '');
INSERT INTO `product` VALUES ('20', 'Dr Phil May 1 2017', 'dr-phil-may-1-2017', 'https://drive.google.com/file/d/0BwGVHaqHZrAuWnJ2a3BybC04aFU/preview', '', '0', '/shows/dr-phil-may-2017/dr-phil-may-1-2017', '5', '', '', null, '0', '1', '2017-05-02', '', '2015-04-02 17:01:00', '2017-05-05 22:16:34', '', '', '');
INSERT INTO `product` VALUES ('24', 'Dr Phil May 9 2017: My Father Brainwashed Me to Be His Wife', 'dr-phil-may-9-2017-my-father-brainwashed-me-to-be-his-wife', 'https://drive.google.com/file/d/0BwGVHaqHZrAuNlJ5MWhQODNnTTg/preview', '', '0', '/shows/dr-phil-may-2017/dr-phil-may-9-2017-my-father-brainwashed-me-to-be-his-wife', '5', '', '<p><span>Kelly says she was 11 years old when her father began grooming her to be his &ldquo;wife.&rdquo;&nbsp;</span><br /><br /><span>Kelly claims her father made her iron his clothes, have food on the table when he got home from work, and even forced her into a sexual relationship with him for 12 years. Kelly claims she gave birth to two of his children and was brainwashed into believing it was &ldquo;normal life.&rdquo; Kelly&rsquo;s mother, Christine, says she wondered whether Kelly was being abused by her father but says she eventually threw her hands up in the air and gave up trying to get custody of her because her ex was making it too difficult for her. Christine says she wants her daughter to &ldquo;move on&rdquo; with her life, which angers Kelly. Kelly&rsquo;s best friend, Niquelle, says she noticed the odd relationship between Kelly and her father. When Kelly admitted she was being abused and that the father of her two children was her father, Niquelle immediately called the police, helping to put an end to Kelly&rsquo;s 12-year ordeal.</span><br /><br /><a href=\"http://plugger.drphil.com/plugger/respond/?plugID=16973&amp;utm_source=jan2017v1_POSTpages&amp;utm_campaign=drp_post_pages\"><strong>TELL DR. PHIL YOUR STORY:&nbsp;</strong>Inappropriate Relationship?</a></p>\r\n<h5><br /><a href=\"http://www.drphil.com/videos/woman-claims-father-made-her-his-wife-sex-slave-and-fathered-her-two-children/\">Woman Claims Father Made Her His Wife, Sex Slave And Fathered Her Two Children</a><br /><a href=\"http://www.drphil.com/videos/woman-claims-father-made-her-his-wife-sex-slave-and-fathered-her-two-children/\"><img class=\"alignnone size-full wp-image-155185\" src=\"http://img.drphil.com/wp-content/uploads/2017/05/15095_1V.jpg\" alt=\"\" width=\"500\" height=\"281\" /></a></h5>\r\n<h5><a href=\"http://www.drphil.com/videos/why-woman-who-claims-she-was-brainwashed-by-father-to-be-his-wife-says-she-feels-like-its-her-fault-no-one-stepped-up-to-help-her/\">Why Woman Who Claims She Was Brainwashed By Father To Be His Wife Says She Feels Like It&rsquo;s Her Fault No One Stepped Up To Help Her</a><br /><a href=\"http://www.drphil.com/videos/why-woman-who-claims-she-was-brainwashed-by-father-to-be-his-wife-says-she-feels-like-its-her-fault-no-one-stepped-up-to-help-her/\"><img class=\"alignnone size-full wp-image-155168\" src=\"http://img.drphil.com/wp-content/uploads/2017/05/15095_2V.jpg\" alt=\"\" width=\"500\" height=\"281\" /></a></h5>\r\n<h5><a href=\"http://www.drphil.com/videos/i-gave-birth-to-two-children-who-were-fathered-by-my-dad/\">&lsquo;I Gave Birth To Two Children Who Were Fathered By My Dad&rsquo;</a><br /><a href=\"http://www.drphil.com/videos/i-gave-birth-to-two-children-who-were-fathered-by-my-dad/\"><img class=\"alignnone size-full wp-image-155170\" src=\"http://img.drphil.com/wp-content/uploads/2017/05/15095_3V.jpg\" alt=\"\" width=\"500\" height=\"281\" /></a></h5>\r\n<h5><a href=\"http://www.drphil.com/videos/dr-phil-explains-to-a-young-woman-how-she-may-have-suffered-from-emotional-extortion-by-her-father/\">Dr. Phil Explains To A Young Woman How She May Have Suffered From Emotional Extortion By Her Father</a><br /><a href=\"http://www.drphil.com/videos/dr-phil-explains-to-a-young-woman-how-she-may-have-suffered-from-emotional-extortion-by-her-father/\"><img class=\"alignnone size-full wp-image-155173\" src=\"http://img.drphil.com/wp-content/uploads/2017/05/15095_4V.jpg\" alt=\"\" width=\"500\" height=\"281\" /></a></h5>\r\n<h5><a href=\"http://www.drphil.com/videos/why-woman-says-she-threw-up-her-hands-and-stopped-fighting-to-get-custody-of-her-children/\">Why Woman Says She &lsquo;Threw Up&rsquo; Her Hands And Stopped Fighting To Get Custody Of Her Children</a><br /><a href=\"http://www.drphil.com/videos/why-woman-says-she-threw-up-her-hands-and-stopped-fighting-to-get-custody-of-her-children/\"><img class=\"alignnone size-full wp-image-155175\" src=\"http://img.drphil.com/wp-content/uploads/2017/05/15095_5V.jpg\" alt=\"\" width=\"500\" height=\"281\" /></a></h5>\r\n<h5><a href=\"http://www.drphil.com/videos/dr-phil-to-mom-who-admits-she-gave-up-trying-to-get-custody-of-daughter-she-deserves-an-answer/\">Dr. Phil To Mom Who Admits She Gave Up Trying To Get Custody Of Daughter: &lsquo;She Deserves An Answer&rsquo;</a><br /><a href=\"http://www.drphil.com/videos/dr-phil-to-mom-who-admits-she-gave-up-trying-to-get-custody-of-daughter-she-deserves-an-answer/\"><img class=\"alignnone size-full wp-image-155177\" src=\"http://img.drphil.com/wp-content/uploads/2017/05/15095_6V.jpg\" alt=\"\" width=\"500\" height=\"281\" /></a></h5>\r\n<h5><a href=\"http://www.drphil.com/videos/how-a-young-woman-helped-to-save-her-friends-life/\">How A Young Woman Helped To Save Her Friend&rsquo;s Life</a><br /><a href=\"http://www.drphil.com/videos/how-a-young-woman-helped-to-save-her-friends-life/\"><img class=\"alignnone size-full wp-image-155179\" src=\"http://img.drphil.com/wp-content/uploads/2017/05/15095_7V.jpg\" alt=\"\" width=\"500\" height=\"282\" /></a></h5>\r\n<h5><a href=\"http://www.drphil.com/videos/woman-recalls-last-image-of-her-father-who-she-claims-raped-her-for-a-decade/\">Woman Recalls Last Image Of Her Father Who She Claims Raped Her For A Decade</a><br /><a href=\"http://www.drphil.com/videos/woman-recalls-last-image-of-her-father-who-she-claims-raped-her-for-a-decade/\"><img class=\"alignnone size-full wp-image-155181\" src=\"http://img.drphil.com/wp-content/uploads/2017/05/15095_8V.jpg\" alt=\"\" width=\"500\" height=\"281\" /></a></h5>\r\n<h5><a href=\"http://www.drphil.com/videos/why-woman-who-claims-her-father-raped-her-needs-to-give-herself-permission-to-have-mixed-emotions-about-him/\">Why Woman Who Claims Her Father Raped Her Needs To Give Herself Permission To Have Mixed Emotions About Him</a><br /><a href=\"http://www.drphil.com/videos/why-woman-who-claims-her-father-raped-her-needs-to-give-herself-permission-to-have-mixed-emotions-about-him/\"><img class=\"alignnone size-full wp-image-155183\" src=\"http://img.drphil.com/wp-content/uploads/2017/05/15095_9V.jpg\" alt=\"\" width=\"500\" height=\"281\" /></a></h5>\r\n<p><strong>If you or someone you know is being abused, please contact RAINN &ndash; Rape, Abuse and Incest National Network&nbsp;&ndash; by calling 1-800-656-HOPE (4673). Or you can go to&nbsp;</strong><a href=\"http://www.rainn.org./\" target=\"_blank\"><strong>RAINN.org.</strong></a></p>', null, '1', '1', '2017-05-09', '', '2017-05-09 22:57:29', '2017-05-09 11:58:44', '', '', '');
INSERT INTO `product` VALUES ('21', 'Dr Phil May 3 2017', 'dr-phil-may-3-2017', 'https://drive.google.com/file/d/0BwGVHaqHZrAud1JvMGt4bG1zcTQ/preview', '', '0', '/shows/dr-phil-may-2017/dr-phil-may-3-2017', '5', '', '', null, '0', '1', '2017-05-03', '', '2015-04-02 17:35:43', '2017-05-05 22:18:15', '', '', '');
INSERT INTO `product` VALUES ('22', 'Dr Phil May 4 2017 Beautiful Missing Teen: The Phone Call, The Chase, The Dramatic Conclusion', 'dr-phil-may-4-2017-beautiful-missing-teen-the-phone-call-the-chase-the-dramatic-conclusion', 'https://drive.google.com/file/d/0BwGVHaqHZrAuX1VjZFZRM0R3X1E/preview', '', '1', '/shows/dr-phil-may-2017/dr-phil-may-4-2017-beautiful-missing-teen-the-phone-call-the-chase-the-dramatic-conclusion', '5', '', '<p>Dr Phil May 4 2017</p>\r\n<p><span>When Janice and Wayne spoke with Dr. Phil, their 16-year-old daughter Darbi had been missing for 24 days, and Dr. Phil questioned whether the parents were more focused on their hatred toward each other than working together to find their child.</span><br /><br /><span>Just hours after they left Dr. Phil&rsquo;s stage, they got a phone call that Darbi was alive. Janice and Wayne rushed the scene to meet their daughter. Why does Darbi say she left home? And, what does she reveal about what happened during her time on the run?</span></p>', null, '1', '1', '2017-04-26', 'dr phil may 4 2017', '2017-04-26 23:58:56', '2017-05-05 22:18:47', 'Dr Phil May 4 2017', 'Dr Phil May 4 2017', 'Dr Phil May 4 2017');
INSERT INTO `product` VALUES ('25', 'Dr Phil May 10 2017 Boyfriend Accused of Faking Cancer, Lying about Being Kidnapped and Scamming $70,000', 'dr-phil-may-10-2017-boyfriend-accused-of-faking-cancer-lying-about-being-kidnapped-and-scamming-70-000', 'https://drive.google.com/file/d/0BwGVHaqHZrAuY2tpa1o1eXFqWnc/preview', '', '0', '/shows/dr-phil-may-2017/dr-phil-may-10-2017-boyfriend-accused-of-faking-cancer-lying-about-being-kidnapped-and-scamming-70-000', '5', '', '<p><span>Julianne claims her daughter&rsquo;s boyfriend, Leighton, has &ldquo;lied his way through life&rdquo; and is turning her beautiful daughter, Mariah, into a liar and a con artist.&nbsp;</span><br /><br /><span>She claims Leighton lied about being kidnapped, faked cancer and convinced a friend to give him $70,000 for a business that never opened. She claims he even created a crowdfunding page to raise money to treat his alleged cancer. Julianne also blames him for getting her daughter, Mariah, addicted to drugs. But Mariah says Leighton absolutely did not get her addicted to drugs &mdash; he just helped her because she has &ldquo;bad veins.&rdquo; Leighton and Mariah are pointing the finger at Julianne and claim she is the one who first introduced her daughter to marijuana. Leighton says Julianne is very controlling and manipulative and constantly tries to break them up because she despises him. In a tense in-studio showdown, Julianne faces off against Mariah and Leighton. Are Mariah and Leighton ready to get help? Why was hotel security called before the show, and what happened after Leighton and Mariah arrived at the studio before the taping?</span></p>', null, '1', '1', '2017-05-10', '', '2017-05-10 22:40:59', '2017-05-10 22:40:59', '', '', '');
INSERT INTO `product` VALUES ('26', 'Dr Phil May 11 2017: \"Help! My Roommate is Obsessed with Me and Sabotaging My Relationships!\"', 'dr-phil-may-11-2017-help-my-roommate-is-obsessed-with-me-and-sabotaging-my-relationships', 'https://drive.google.com/file/d/0BwGVHaqHZrAuVXpVN0dvdnI4T0k/preview', '', '0', '/shows/dr-phil-may-2017/dr-phil-may-11-2017-help-my-roommate-is-obsessed-with-me-and-sabotaging-my-relationships', '5', '', '<p><span>Crystal claims her roommate, Ronnie, has become obsessed with her.</span><br /><br /><span>Crystal says she met Ronnie, who was homeless, in a bar and within a week, she invited him and his son to move in with her and her two young children. Now, she says she has a &ldquo;stalker living in her home.&rdquo; She claims Ronnie has broken into her phone, sabotaged her relationships, won&rsquo;t stop staring at her and watches her while she sleeps, eats and watches TV &ndash; she claims things are so bad, she won&rsquo;t make eye contact with him because she fears he&rsquo;ll take it the wrong way. Ronnie says he&rsquo;s not obsessed. He says everything he does for Crystal is out of love and &ldquo;nine out of 10 women would kill for a man like him.&rdquo; He wants Crystal to admit her feelings for him and acknowledge they are a family. Ronnie&rsquo;s 16-year-old son, Shawn, says his father is so &ldquo;crazy and obsessed&rdquo; with Crystal, and he acts out in school and gets bad grades in hopes his father will pay attention to him instead of her. Will Crystal admit her true feelings for Ronnie? Or does&nbsp;Ronnie believe his behavior has gone too far?</span></p>', null, '1', '1', '2017-05-11', '', '2017-05-12 09:01:36', '2017-05-12 09:01:36', '', '', '');
INSERT INTO `product` VALUES ('27', 'Dr Phil May 12 2017: Open Heart Surgery, a Pacemaker and 10 Days in a Coma: ', 'dr-phil-may-12-2017-open-heart-surgery-a-pacemaker-and-10-days-in-a-coma', 'https://drive.google.com/file/d/0BwGVHaqHZrAuWHQ0Tm5vOWVLVms/preview', '', '0', '/shows/dr-phil-may-2017/dr-phil-may-12-2017-open-heart-surgery-a-pacemaker-and-10-days-in-a-coma', '5', '', '<p><span>Bethany was recently released from a hospital after two months due to the effects of her IV heroin use.&nbsp;</span><br /><br /><span>From being in a medically induced coma for 10 days and placed on life support, to needing emergency open heart surgery and a pacemaker, she nearly lost her life. But despite nearly dying, Bethany says she is still using heroin multiple times a day but lies to her family and tells them that she is sober. That&rsquo;s not the only dark secret Bethany is keeping from her family. How will her family react to Bethany&rsquo;s new revelations and watching video of her using drugs? Plus, find out what leaves Bethany&rsquo;s father in tears and almost unable to even speak to his youngest child?</span></p>', null, '1', '1', '2017-05-12', '', '2017-05-13 08:20:22', '2017-05-12 21:20:43', '', '', '');

-- ----------------------------
-- Table structure for product_image
-- ----------------------------
DROP TABLE IF EXISTS `product_image`;
CREATE TABLE `product_image` (
  `product_id` int(11) DEFAULT NULL,
  `image_id` int(11) DEFAULT NULL,
  `is_active` tinyint(4) DEFAULT NULL,
  `type_id` tinyint(4) DEFAULT NULL,
  `date_add` datetime DEFAULT NULL,
  KEY `image_id` (`image_id`),
  KEY `type_id` (`type_id`),
  KEY `product_id` (`product_id`) USING BTREE
) ENGINE=MyISAM DEFAULT CHARSET=utf8;

-- ----------------------------
-- Records of product_image
-- ----------------------------
INSERT INTO `product_image` VALUES ('1', '1', '1', '1', '2015-03-23 11:15:57');
INSERT INTO `product_image` VALUES ('2', '2', '1', '1', '2015-03-23 11:19:08');
INSERT INTO `product_image` VALUES ('3', '3', '1', '1', '2015-03-24 12:05:41');
INSERT INTO `product_image` VALUES ('4', '8', '1', '1', '2015-03-25 05:54:01');
INSERT INTO `product_image` VALUES ('5', '9', '1', '1', '2015-03-25 09:03:03');
INSERT INTO `product_image` VALUES ('7', '10', '1', '1', '2015-03-25 09:11:07');
INSERT INTO `product_image` VALUES ('8', '11', '1', '1', '2015-03-25 09:13:16');
INSERT INTO `product_image` VALUES ('9', '12', '1', '1', '2015-03-25 09:17:58');
INSERT INTO `product_image` VALUES ('10', '13', '1', '1', '2015-03-25 09:28:38');
INSERT INTO `product_image` VALUES ('11', '14', '1', '1', '2015-03-25 09:39:39');
INSERT INTO `product_image` VALUES ('12', '15', '1', '1', '2015-03-25 09:54:03');
INSERT INTO `product_image` VALUES ('13', '16', '1', '1', '2015-03-25 09:58:47');
INSERT INTO `product_image` VALUES ('14', '17', '1', '1', '2015-03-25 10:03:52');
INSERT INTO `product_image` VALUES ('15', '18', '1', '1', '2015-03-26 06:30:56');
INSERT INTO `product_image` VALUES ('16', '19', '1', '1', '2015-03-26 06:33:30');
INSERT INTO `product_image` VALUES ('20', '20', '1', '1', '2015-04-02 05:05:47');
INSERT INTO `product_image` VALUES ('21', '21', '1', '1', '2015-04-02 05:37:07');
INSERT INTO `product_image` VALUES ('17', '22', '1', '1', '2015-04-02 05:38:17');
INSERT INTO `product_image` VALUES ('18', '23', '1', '1', '2015-04-02 05:52:54');
INSERT INTO `product_image` VALUES ('19', '24', '1', '1', '2015-04-02 05:53:54');

-- ----------------------------
-- Table structure for product_tag
-- ----------------------------
DROP TABLE IF EXISTS `product_tag`;
CREATE TABLE `product_tag` (
  `product_id` int(11) NOT NULL,
  `tag_id` int(11) NOT NULL,
  `number` int(11) DEFAULT NULL,
  PRIMARY KEY (`product_id`,`tag_id`)
) ENGINE=MyISAM DEFAULT CHARSET=utf8 COLLATE=utf8_unicode_ci;

-- ----------------------------
-- Records of product_tag
-- ----------------------------
INSERT INTO `product_tag` VALUES ('1', '1', null);
INSERT INTO `product_tag` VALUES ('2', '4', null);
INSERT INTO `product_tag` VALUES ('3', '6', null);
INSERT INTO `product_tag` VALUES ('22', '8', null);
INSERT INTO `product_tag` VALUES ('23', '9', null);

-- ----------------------------
-- Table structure for tags
-- ----------------------------
DROP TABLE IF EXISTS `tags`;
CREATE TABLE `tags` (
  `tag_id` int(11) NOT NULL AUTO_INCREMENT,
  `tag_slug` varchar(255) DEFAULT NULL,
  `tag_name` varchar(255) DEFAULT NULL,
  `date_add` datetime DEFAULT NULL,
  `date_update` timestamp NULL DEFAULT NULL ON UPDATE CURRENT_TIMESTAMP,
  PRIMARY KEY (`tag_id`),
  UNIQUE KEY `tag_slug` (`tag_slug`)
) ENGINE=MyISAM AUTO_INCREMENT=10 DEFAULT CHARSET=utf8;

-- ----------------------------
-- Records of tags
-- ----------------------------
INSERT INTO `tags` VALUES ('1', 'drphil', 'drphil', '2015-03-23 23:15:22', null);
INSERT INTO `tags` VALUES ('2', 'daughters', 'Daughters', '2015-03-23 23:15:22', null);
INSERT INTO `tags` VALUES ('3', 'drama', 'Drama', '2015-03-23 23:15:22', null);
INSERT INTO `tags` VALUES ('4', 'march', 'march', '2015-03-23 23:18:03', null);
INSERT INTO `tags` VALUES ('5', 'hourse', 'hourse', '2015-03-23 23:18:03', null);
INSERT INTO `tags` VALUES ('6', 'january', 'january', '2015-03-24 00:04:45', null);
INSERT INTO `tags` VALUES ('7', 'dr-phil-april-26-2017', 'dr phil april 26 2017', '2017-04-26 23:58:56', null);
INSERT INTO `tags` VALUES ('8', 'dr-phil-may-4-2017', 'dr phil may 4 2017', '2017-05-04 22:31:26', null);
INSERT INTO `tags` VALUES ('9', 'dr-phil-may-8-2017', 'dr phil may 8 2017', '2017-05-08 22:38:18', null);

-- ----------------------------
-- Table structure for transaction
-- ----------------------------
DROP TABLE IF EXISTS `transaction`;
CREATE TABLE `transaction` (
  `transaction_id` int(11) NOT NULL AUTO_INCREMENT,
  `user_id` int(11) DEFAULT NULL,
  `user_name` varchar(255) DEFAULT NULL,
  `fullname` varchar(255) DEFAULT NULL,
  `status` int(11) NOT NULL,
  `price` int(11) DEFAULT NULL,
  `date_add` datetime DEFAULT NULL,
  `date_update` timestamp NULL DEFAULT NULL ON UPDATE CURRENT_TIMESTAMP,
  PRIMARY KEY (`transaction_id`)
) ENGINE=InnoDB AUTO_INCREMENT=5 DEFAULT CHARSET=utf8;

-- ----------------------------
-- Records of transaction
-- ----------------------------
INSERT INTO `transaction` VALUES ('2', '1', null, null, '0', '10', '2017-05-07 17:45:46', null);
INSERT INTO `transaction` VALUES ('3', '1', null, null, '0', '10', '2017-05-07 19:22:37', null);
INSERT INTO `transaction` VALUES ('4', '1', null, null, '0', '10', '2017-05-08 20:11:59', null);

-- ----------------------------
-- Table structure for user_admin
-- ----------------------------
DROP TABLE IF EXISTS `user_admin`;
CREATE TABLE `user_admin` (
  `user_id` int(11) NOT NULL AUTO_INCREMENT,
  `fullname` varchar(255) DEFAULT NULL,
  `username` varchar(128) DEFAULT NULL,
  `password` varchar(128) DEFAULT NULL,
  `level` tinyint(4) DEFAULT '0',
  `date_add` timestamp NULL DEFAULT NULL,
  `date_update` timestamp NULL DEFAULT CURRENT_TIMESTAMP ON UPDATE CURRENT_TIMESTAMP,
  `status` tinyint(4) DEFAULT '1',
  `phone` varchar(128) DEFAULT NULL,
  `email` varchar(128) DEFAULT NULL,
  `is_admin` tinyint(4) NOT NULL,
  `is_content` tinyint(4) NOT NULL,
  `is_cs` tinyint(4) NOT NULL,
  `is_report` tinyint(4) NOT NULL DEFAULT '0',
  PRIMARY KEY (`user_id`)
) ENGINE=MyISAM AUTO_INCREMENT=2 DEFAULT CHARSET=utf8;

-- ----------------------------
-- Records of user_admin
-- ----------------------------
INSERT INTO `user_admin` VALUES ('1', 'namth', 'namth', 'e10adc3949ba59abbe56e057f20f883e', '0', '2014-12-23 08:58:41', '2014-12-23 08:58:51', '1', '', null, '1', '0', '0', '0');

-- ----------------------------
-- Table structure for visitor
-- ----------------------------
DROP TABLE IF EXISTS `visitor`;
CREATE TABLE `visitor` (
  `user_id` int(11) NOT NULL AUTO_INCREMENT,
  `fullname` varchar(255) DEFAULT NULL,
  `username` varchar(255) DEFAULT NULL,
  `password` varchar(255) DEFAULT NULL,
  `money` decimal(11,1) NOT NULL,
  `status` int(11) DEFAULT NULL,
  `facebook` varchar(255) DEFAULT NULL,
  `email` varchar(255) DEFAULT NULL,
  `level` int(11) DEFAULT NULL,
  `tmp_status` int(11) NOT NULL,
  `tmp_price` int(11) NOT NULL,
  `date_add` datetime DEFAULT NULL,
  `date_update` timestamp NULL DEFAULT CURRENT_TIMESTAMP ON UPDATE CURRENT_TIMESTAMP,
  PRIMARY KEY (`user_id`)
) ENGINE=InnoDB AUTO_INCREMENT=155 DEFAULT CHARSET=utf8;

-- ----------------------------
-- Records of visitor
-- ----------------------------
INSERT INTO `visitor` VALUES ('1', 'Nam Tran', 'vangtrangbac', 'e10adc3949ba59abbe56e057f20f883e', '10000.0', '1', '', 'hoainamuit@gmail.com', '1', '1', '10', '2017-05-05 01:50:03', '2017-05-06 07:59:38');
INSERT INTO `visitor` VALUES ('2', 'Karen', 'ittybittyhorse@hotmail.com', 'e0de6e5605864da2c6add489f3d13fa6', '0.0', '1', 'ittybittyhorse@homtail.com', 'ittybittyhorse@hotmail.com', '1', '0', '0', '2017-05-06 00:01:49', '2017-05-05 13:01:49');
INSERT INTO `visitor` VALUES ('3', 'sarah rhiannon', 'sarah6rh', '49adbf2b37f1dedcb298530836840a6e', '0.0', '1', 'Sarah S Rhiannon', 'sarahrhil@hotmail.com', '1', '0', '0', '2017-05-06 01:33:21', '2017-05-05 14:33:21');
INSERT INTO `visitor` VALUES ('4', 'Barbara Howe', 'Dr Phil watcher', '935f77dc9a518fc3f9a359a4cf88a895', '0.0', '1', '', 'howe.barbara@ymail.com', '1', '0', '0', '2017-05-06 05:30:45', '2017-05-05 18:30:45');
INSERT INTO `visitor` VALUES ('6', 'Tu Le', 'tuvovi', '69f861c327125a21830e476c2f97e1e6', '10.0', '1', '', 'quytualskdjflk@gmail.com', '1', '0', '0', '2017-05-06 13:17:56', '2017-05-06 04:58:15');
INSERT INTO `visitor` VALUES ('7', 'Joos', 'Joos', '13ca4f4e4f23e4a66526fd11a135eaf2', '0.0', '1', '', 'lekker-gek@hotmail.com', '1', '0', '0', '2017-05-06 15:05:32', '2017-05-06 04:05:32');
INSERT INTO `visitor` VALUES ('8', 'Wendy Jonshon', 'wendy0909', '6e0773bf2dfff1b86f01dc889c24c6ec', '0.0', '1', '', 'wendy0909@gmail.com', '1', '0', '0', '2017-05-07 21:05:11', '2017-05-07 10:05:11');
INSERT INTO `visitor` VALUES ('9', 'vera', 'black_Roses82', 'f7bb6c6596bef106b99087f829a67b5f', '0.0', '1', '', 'veronica.iversen.sandviken@gmail.com', '1', '0', '0', '2017-05-08 15:41:14', '2017-05-08 04:41:14');
INSERT INTO `visitor` VALUES ('10', 'Louise McCart', 'lmccart', '965c09d95068e548f347b474127d72ab', '0.0', '1', '', 'louisemccart@gmail.com', '1', '0', '0', '2017-05-08 15:53:44', '2017-05-08 04:53:44');
INSERT INTO `visitor` VALUES ('11', 'Lene-Mari Ekornsæter', 'bombon', '9863dbd75a57f1d03ae85c60dc64e745', '0.0', '1', '', 'lene@eastenders.no', '1', '0', '0', '2017-05-08 16:16:20', '2017-05-08 05:16:20');
INSERT INTO `visitor` VALUES ('12', 'Sarah', 'Gildea', 'f984544e51da8e1930ee488f65f30fc8', '0.0', '1', 'www.facebook.com/missdirectionista', 'sarah_3h@hotmail.com', '1', '0', '0', '2017-05-08 16:52:15', '2017-05-08 05:52:15');
INSERT INTO `visitor` VALUES ('13', 'Melissa', 'melly1577', '7769eab1be3b0b1cc563a1bbcdc2c98b', '0.0', '1', '', 'melissa.manuel86@gmail.com', '1', '0', '0', '2017-05-08 18:14:53', '2017-05-08 07:14:53');
INSERT INTO `visitor` VALUES ('14', 'sarah', 'sjstewart85', '8a3af923377d84bf001a327b353d5f3a', '0.0', '1', 'sjstewart85@gmail.com', 'sjstewart85@gmail.com', '1', '0', '0', '2017-05-08 18:32:37', '2017-05-08 07:32:37');
INSERT INTO `visitor` VALUES ('15', 'Autumn', 'Pogoclwn', '941708e640324cf03c968c65b8d18a84', '0.0', '1', '', 'autumn.boucher@gmail.com', '1', '0', '0', '2017-05-08 19:21:37', '2017-05-08 08:21:37');
INSERT INTO `visitor` VALUES ('16', 'Sofia Kabir Fernandez', 'Booboobaby2002', '252041c0dbdfe9cf557c2bcc29f218c2', '0.0', '1', '', 'sloppyfernandez@yahoo.co.uk', '1', '0', '0', '2017-05-08 19:26:22', '2017-05-08 08:26:22');
INSERT INTO `visitor` VALUES ('17', 'Alexandra', 'Frisbee', '2ad846c01fae10366a426dbf9cdb4a48', '0.0', '1', '', 'alexandrafrisbie@gmail.com', '1', '0', '0', '2017-05-08 19:51:27', '2017-05-08 08:51:27');
INSERT INTO `visitor` VALUES ('18', 'Alice Venners', 'Venners', '6a1a376d8169cfc1835f59ac934edbb7', '0.0', '1', '', 'tamvenners@hotmail.com', '1', '0', '0', '2017-05-08 20:26:03', '2017-05-08 09:26:03');
INSERT INTO `visitor` VALUES ('19', 'Lisa Stoll', 'TheLibrarian', 'b9fcc8c0d1a56f6d3c36788b4a6447ed', '0.0', '1', '', 'lisa_s365@yahoo.com', '1', '0', '0', '2017-05-08 20:26:53', '2017-05-08 09:26:53');
INSERT INTO `visitor` VALUES ('20', 'liz LUCIER', 'lizlucier', '3b3d4b3b2a6cb6a1cb27560bd8d0d067', '0.0', '1', 'https://www.facebook.com/lizlucier', 'lizlucier@gmail.com', '1', '0', '0', '2017-05-08 21:04:03', '2017-05-08 10:04:03');
INSERT INTO `visitor` VALUES ('21', 'Dusty', 'Dustytiedemann', '1d696d31d40d4229a61f4b084ef30e37', '0.0', '1', '', 'dusty.tiedemann@gmail.com', '1', '0', '0', '2017-05-08 21:05:01', '2017-05-08 10:05:01');
INSERT INTO `visitor` VALUES ('22', 'Pamela', 'Schneir', 'e97c648ba3f37d238e9f72f11406c997', '0.0', '1', '', 'pschneir@sbcglobal.net', '1', '0', '0', '2017-05-08 21:22:41', '2017-05-08 10:22:41');
INSERT INTO `visitor` VALUES ('23', 'Elizabet', 'Wilson', '18869ca44884b2686be0207e64522e6a', '0.0', '1', '', 'scottelizabeth@juno.com', '1', '0', '0', '2017-05-08 21:31:02', '2017-05-08 10:31:02');
INSERT INTO `visitor` VALUES ('24', 'sylvie saindon', 'sweetvie', 'acc6f2779b808637d04c71e3d8360eeb', '0.0', '1', '', 'scdiaz666@gmail.com', '1', '0', '0', '2017-05-08 22:14:09', '2017-05-08 11:14:09');
INSERT INTO `visitor` VALUES ('25', 'Allison Koster', 'akoster', 'd5c678e0401f36420ba92360ad643d5e', '0.0', '1', '', 'allisonkoster07@hotmail.com', '1', '0', '0', '2017-05-08 22:28:54', '2017-05-08 11:28:54');
INSERT INTO `visitor` VALUES ('26', 'Elizabeth', 'Chukles', '18869ca44884b2686be0207e64522e6a', '0.0', '1', '', 'ewilson@eag.com', '1', '0', '0', '2017-05-08 22:32:48', '2017-05-08 11:32:48');
INSERT INTO `visitor` VALUES ('27', 'Elizabeth', 'Lizard', 'd624864b8af25aceb1a846345354024a', '0.0', '1', '', 'charles.elizabeth.wilson.5@gmail.com', '1', '0', '0', '2017-05-08 22:35:14', '2017-05-08 11:35:14');
INSERT INTO `visitor` VALUES ('28', 'Jill McCarthy', 'Philfan', '81b511055e7cc6212e3842e9f6aee785', '0.0', '1', '', 'jillemccarthy@gmail.com', '1', '0', '0', '2017-05-08 22:42:26', '2017-05-08 11:42:26');
INSERT INTO `visitor` VALUES ('29', 'karen', 'lampe08', '5406a9f712f39555acf7c2e85254c0a4', '0.0', '1', '', 'lampe08@googlemail.com', '1', '0', '0', '2017-05-08 22:42:53', '2017-05-08 11:42:53');
INSERT INTO `visitor` VALUES ('30', 'olga', 'olgam', '1edfb874f921c63d1e45a6937f83dacd', '0.0', '1', '', 'olgameirsasha@gmail.com', '1', '0', '0', '2017-05-08 22:43:56', '2017-05-08 11:43:56');
INSERT INTO `visitor` VALUES ('31', 'laura', 'laulauq', '1a36d2f747e8eae6a0ecfaaf75b3eec7', '0.0', '1', '', 'laura.qiu@live.com', '1', '0', '0', '2017-05-08 22:50:02', '2017-05-08 11:50:02');
INSERT INTO `visitor` VALUES ('32', 'Stephanie York', 'syork2015', 'd78d35b266accfa84f9aff7a2d0ad4d1', '0.0', '1', '', 'stephanie764241@att.net', '1', '0', '0', '2017-05-08 23:06:35', '2017-05-08 12:06:35');
INSERT INTO `visitor` VALUES ('33', 'Joyce Choo', 'jchoo', 'd54ef4d159084406a8185857834c3e43', '0.0', '1', '', 'catzzz1116@gmail.com', '1', '0', '0', '2017-05-08 23:18:27', '2017-05-08 12:18:27');
INSERT INTO `visitor` VALUES ('34', 'Vanja', 'Romset', '26b47461aa5d9fe1f2ac62983ee18ba8', '0.0', '1', 'Vanja Romset', 'vanja.romset@gmail.com', '1', '0', '0', '2017-05-08 23:24:21', '2017-05-08 12:24:21');
INSERT INTO `visitor` VALUES ('35', 'Hope', 'smathershope', '89c14bcdb7ca81c89c3e1772f13b7ed2', '0.0', '1', 'hopesmathers@facebook.com', 'smathershope@yahoo.com', '1', '0', '0', '2017-05-08 23:29:24', '2017-05-08 12:29:24');
INSERT INTO `visitor` VALUES ('36', 'Shelly J', 'Shello2004', '3a2091fef9b72273428ec6ba1271e8da', '0.0', '1', '', 'sheezabeast@gmail.com', '1', '0', '0', '2017-05-08 23:29:56', '2017-05-08 12:29:56');
INSERT INTO `visitor` VALUES ('37', 'Tami Carter', 'tamicarter', '331adc3b08895cad0753af0d322d6209', '0.0', '1', '', 'tamicarter1968@outlook.com', '1', '0', '0', '2017-05-08 23:46:25', '2017-05-08 12:46:25');
INSERT INTO `visitor` VALUES ('38', 'Tara', 'Tarag554', '66553d7e69716ccd447f1c3361892e43', '0.0', '1', '', 'tarag554@gmail.com', '1', '0', '0', '2017-05-08 23:48:49', '2017-05-08 12:48:49');
INSERT INTO `visitor` VALUES ('39', 'helen betts', 'xxhelen30xx', '37fcbaad1c03dd1b4f168c3fad13d146', '0.0', '1', '', 'xxhelen24xx@hotmail.com', '1', '0', '0', '2017-05-08 23:58:45', '2017-05-08 12:58:45');
INSERT INTO `visitor` VALUES ('40', 'kendra hafford', 'Kendra', '3d06132384f5855b7124f146883c951f', '0.0', '1', '', 'kendrahafford@yahoo.com', '1', '0', '0', '2017-05-09 00:13:02', '2017-05-08 13:13:02');
INSERT INTO `visitor` VALUES ('41', 'Olof Vignisdottir', 'olofvi', '2168aaf9cb912d754f8ca32d511b49c0', '0.0', '1', '', 'olofvi89@gmail.com', '1', '0', '0', '2017-05-09 00:14:32', '2017-05-08 13:14:32');
INSERT INTO `visitor` VALUES ('42', 'Vanillinda', 'Vanilla', '5dd9c4881a4926afd8df2d3ea9c8eebd', '0.0', '1', '', 'vanilla55@frontier.com', '1', '0', '0', '2017-05-09 00:38:23', '2017-05-13 11:33:46');
INSERT INTO `visitor` VALUES ('43', 'Tami Tinson', 'TamiT', '2fc8a643305e82dd14e3b71786e188ba', '0.0', '1', '', 'tami.tinson@yahoo.com', '1', '0', '0', '2017-05-09 00:39:12', '2017-05-08 13:39:12');
INSERT INTO `visitor` VALUES ('44', 'jill simpson', 'jillypops', '5ffd226b643edeedbb9d81069339c9b7', '0.0', '1', '', 'robert.simpson217@hotmail.com', '1', '0', '0', '2017-05-09 01:15:02', '2017-05-08 14:15:02');
INSERT INTO `visitor` VALUES ('45', 'Hannah', 'hmhh98', 'ae524a8058c5285eb0e11e4b0bd6e94e', '0.0', '1', '4525 Sangamore #202', 'hannnahhughes@gmail.com', '1', '0', '0', '2017-05-09 01:28:56', '2017-05-08 14:28:57');
INSERT INTO `visitor` VALUES ('46', 'Claudia', 'Mazzotti', '32cf8a1c0eef16c7cca7c021e3784c91', '0.0', '1', '', 'Cla_bort@hotmail.it', '1', '0', '0', '2017-05-09 01:35:09', '2017-05-08 14:35:09');
INSERT INTO `visitor` VALUES ('47', 'lacey', 'robertson', 'c3955d6bb7de01c5eae02b81beb9e298', '0.0', '1', '', 'lacey.robertson88@gail.com', '1', '0', '0', '2017-05-09 01:38:49', '2017-05-08 14:38:49');
INSERT INTO `visitor` VALUES ('48', 'Lou-Darcie Lewis', 'Misslulu', 'e79400a90e08b46a4a93f8ef9d256253', '0.0', '1', 'loudarcie Lewis', 'loudarcie@gmail.com', '1', '0', '0', '2017-05-09 01:46:32', '2017-05-08 14:46:32');
INSERT INTO `visitor` VALUES ('49', 'susan', 'blood', '36775f3c41e91ac1e3395412745b7fb9', '0.0', '1', '', 'sarahann.blood@gmail.com', '1', '0', '0', '2017-05-09 02:13:31', '2017-05-08 15:13:31');
INSERT INTO `visitor` VALUES ('50', 'Eileen Zohdi', 'ezohdi', '520ca1db3c63c9e629691850b3679057', '0.0', '1', '', 'minnieschrome717@gmail.com', '1', '0', '0', '2017-05-09 02:34:40', '2017-05-08 15:34:40');
INSERT INTO `visitor` VALUES ('51', 'Ersdotter', 'Ersdotter', 'f6a9bbbdfdf22486714bd2f87f5d28df', '0.0', '1', '', 'myggviolin@hotmail.com', '1', '0', '0', '2017-05-09 02:45:35', '2017-05-08 15:45:35');
INSERT INTO `visitor` VALUES ('52', 'Sally Ann', 'SallyAnn', '039b113967e6c538a38528fe5a64b5a2', '0.0', '1', '', 'stacey.murray@pcc.edu', '1', '0', '0', '2017-05-09 02:45:49', '2017-05-08 15:45:49');
INSERT INTO `visitor` VALUES ('53', 'Lizzie Robertson', 'lizzier', '989e7aee620d95e7cd94d80255aa0dbf', '0.0', '1', 'https://www.facebook.com/lizzie.robertson.712', 'elizabethrobertson27@gmail.com', '1', '0', '0', '2017-05-09 03:28:00', '2017-05-08 16:28:00');
INSERT INTO `visitor` VALUES ('54', 'laura jean', 'laurajean0081', 'dd015dd7bdf4c7ecb0a40e941e13d4a8', '0.0', '1', 'https://www.facebook.com/laura.linn.585', 'Queenofblue@gmail.com', '1', '0', '0', '2017-05-09 03:33:04', '2017-05-08 16:33:04');
INSERT INTO `visitor` VALUES ('55', 'Maggie', 'Maggie1977', 'b57fa9ad357014f564e5cdaa39a40736', '0.0', '1', 'Maggielopezfye@yahoo.com', 'maggielopezfye@yahoo.com', '1', '0', '0', '2017-05-09 03:55:41', '2017-05-08 16:55:41');
INSERT INTO `visitor` VALUES ('56', 'Dianna Little', 'diannalittle', 'ad29073e0196ed5d5c68bc006ed7b257', '0.0', '1', '', 'diannalittle@gmail.com', '1', '0', '0', '2017-05-09 04:02:40', '2017-05-08 17:02:40');
INSERT INTO `visitor` VALUES ('57', 'Joanne Wynne', 'jojo', 'f6871406c2624b5aacd14d0b53af0759', '0.0', '1', '', 'jojo69@live.com.au', '1', '0', '0', '2017-05-09 04:10:25', '2017-05-08 17:10:25');
INSERT INTO `visitor` VALUES ('58', 'Alexandra Yonts', 'alexandrayonts', '5f43ed9f88530675c3be37240bf83fe9', '0.0', '1', '', 'alexscompewta@hotmail.com', '1', '0', '0', '2017-05-09 04:32:33', '2017-05-08 17:32:33');
INSERT INTO `visitor` VALUES ('59', 'Annette LEE', 'annettele186', 'cf33328d7d9a04649dbfddc9cd4ac75b', '0.0', '1', 'https://www.facebook.com/annette.lee71', 'annettele186@gmail.com', '1', '0', '0', '2017-05-09 04:35:39', '2017-05-08 17:35:39');
INSERT INTO `visitor` VALUES ('60', 'Faith Jacobs', 'faithcecelia', 'a6497a0245017df4d84e155fb8e91bf0', '0.0', '1', '', 'faithjunk@hotmail.co.uk', '1', '0', '0', '2017-05-09 04:42:41', '2017-05-08 17:42:41');
INSERT INTO `visitor` VALUES ('61', 'Amber Autry', 'Deerdaddy2000', '5103fdaac21fb2c62ddfa0770b1e11e4', '0.0', '1', '', 'fishbones2000@yahoo.com', '1', '0', '0', '2017-05-09 04:56:24', '2017-05-08 17:56:24');
INSERT INTO `visitor` VALUES ('62', 'Catherine Turley', 'catherineturley', 'a75ff0cd6f061412b69f3e61aa7430c2', '0.0', '1', '', 'careyturley@gmail.com', '1', '0', '0', '2017-05-09 05:00:42', '2017-05-08 18:00:42');
INSERT INTO `visitor` VALUES ('63', 'francha', 'ahcnarf', '26cae7718c32180a7a0f8e19d6d40a59', '0.0', '1', '', 'franchafrancha@yahoo.com', '1', '0', '0', '2017-05-09 05:02:30', '2017-05-08 18:02:30');
INSERT INTO `visitor` VALUES ('64', 'cathy leiteer', 'CLL1230', 'c3cc1cff92972c77322f28aa80bddae6', '0.0', '1', '', 'cleitner101@comcast.net', '1', '0', '0', '2017-05-09 05:51:07', '2017-05-08 18:51:07');
INSERT INTO `visitor` VALUES ('65', 'cristina', 'Crissy75', '236888453e383c85d64b04c1b2767c86', '0.0', '1', 'https://www.facebook.com/cdelloiaco', 'crissy6@gmail.com', '1', '0', '0', '2017-05-09 05:54:54', '2017-05-08 18:54:54');
INSERT INTO `visitor` VALUES ('66', 'Rachel', 'Johnson', '785dde0d12b9c632426961c351d09825', '0.0', '1', '', 'reskaggs@gmail.com', '1', '0', '0', '2017-05-09 05:58:16', '2017-05-08 18:58:16');
INSERT INTO `visitor` VALUES ('67', 'jeanne nava', 'jeannenava123', 'd72a76202ed7e0789cf6febd7e60e336', '0.0', '1', '', 'navajeanne@ymail.com', '1', '0', '0', '2017-05-09 06:06:34', '2017-05-08 19:06:34');
INSERT INTO `visitor` VALUES ('68', 'Walda Woods', 'wwoods777', '379625976f4ae075b7a7d4f91b855ab0', '0.0', '1', 'https://www.facebook.com/waldawoods', 'wwoods777@cox.net', '1', '0', '0', '2017-05-09 06:17:03', '2017-05-08 19:17:03');
INSERT INTO `visitor` VALUES ('69', 'cin', 'cin88', '62ce44f3076cd150c3f470bb841c692a', '0.0', '1', '', 'cinhutch88@hotmail.com', '1', '0', '0', '2017-05-09 06:22:45', '2017-05-08 19:22:45');
INSERT INTO `visitor` VALUES ('70', 'Harry Potty', 'meowmeowcat99', 'be6bd0a11ccd35f7596420bf57e8ed0e', '0.0', '1', '', 'kidz_are_cool@hotmail.co.nz', '1', '0', '0', '2017-05-09 06:55:42', '2017-05-08 19:55:42');
INSERT INTO `visitor` VALUES ('71', 'elizabeth smith', 'hexighost', '5e060320790993ceaac919101f335c69', '0.0', '1', '', 'hexighost@gmail.com', '1', '0', '0', '2017-05-09 06:57:43', '2017-05-08 19:57:43');
INSERT INTO `visitor` VALUES ('72', 'Sam Cramer', 'Sam', 'ca50d18c71e7c577d2c080fee0c4e60e', '0.0', '1', '', 'samuel.cramer@icloud.com', '1', '0', '0', '2017-05-09 07:19:45', '2017-05-08 20:19:45');
INSERT INTO `visitor` VALUES ('73', 'Donna Mackness', 'karatemadmum', '1a14acb7e9bb1e88f3f17496a8b6a055', '0.0', '1', 'https://www.facebook.com/d.mackness', 'donna.mackness@gmail.com', '1', '0', '0', '2017-05-09 07:52:22', '2017-05-08 20:52:22');
INSERT INTO `visitor` VALUES ('74', 'Mandy Wright', 'mander', '8442c1bd00ba7e8fda8b243c3d80c1d8', '0.0', '1', 'facebook.com/mander.wright', 'darch@outlook.com.au', '1', '0', '0', '2017-05-09 08:07:39', '2017-05-08 21:07:39');
INSERT INTO `visitor` VALUES ('75', 'Annie Degennaro', 'Degennaro123', '0d7a3ae6885c1c2c8b213f4d7ad67bf6', '0.0', '1', 'anniedegennaro', 'anniedegennaro@yahoo.com', '1', '0', '0', '2017-05-09 08:41:54', '2017-05-08 21:41:54');
INSERT INTO `visitor` VALUES ('76', 'Shannon', 'Firespirit', '8bd2187885396cb5cd74803cef297e2f', '0.0', '1', '', 'firespirit837@gmail.com', '1', '0', '0', '2017-05-09 09:14:20', '2017-05-08 22:14:20');
INSERT INTO `visitor` VALUES ('77', 'susan merriman', 'punkysue60', 'e10adc3949ba59abbe56e057f20f883e', '0.0', '1', '', 'susanmerriman@btinternet.com', '1', '0', '0', '2017-05-09 09:29:54', '2017-05-10 00:41:09');
INSERT INTO `visitor` VALUES ('78', 'karin', 'listen', '0e74972fb56ae7b696ad1fe2c64b6528', '0.0', '1', '', 'karinhoegh@gmail.com', '1', '0', '0', '2017-05-09 09:42:37', '2017-05-08 22:42:37');
INSERT INTO `visitor` VALUES ('79', 'Deanna', 'dedesunshine', '2b2c6289ea947b789bd1291add1490ac', '0.0', '1', '', 'deanna.dedesunshine@gmail.com', '1', '0', '0', '2017-05-09 12:10:34', '2017-05-09 01:10:34');
INSERT INTO `visitor` VALUES ('80', 'rachel kass', 'o9p9u9s9', 'b240486ea53caf6bb04d0e2a9688e35a', '0.0', '1', '', 'o9p9u9s9@gmail.com', '1', '0', '0', '2017-05-09 12:11:55', '2017-05-09 01:11:55');
INSERT INTO `visitor` VALUES ('81', 'kye', 'kye', '3f80825668ba83b35929bb292b93dc6b', '0.0', '1', '', 'kyleeburley@yahoo.com.au', '1', '0', '0', '2017-05-09 14:35:13', '2017-05-09 03:35:13');
INSERT INTO `visitor` VALUES ('82', 'Aliyanna', 'Aliyanna', '289ffeb2a745ccf51ca89a297f47e382', '0.0', '1', '', 'ntminx@yahoo.com', '1', '0', '0', '2017-05-09 15:35:18', '2017-05-09 04:35:18');
INSERT INTO `visitor` VALUES ('83', 'Emily', 'Marchese', '28b43be824549cbdaeb1896338c14c4b', '0.0', '1', '', 'marchesee@yahoo.com', '1', '0', '0', '2017-05-09 16:09:46', '2017-05-09 05:09:46');
INSERT INTO `visitor` VALUES ('84', 'rachel edwards', 'skyewest', 'd05f482cc21a74fbafab76cfa406b70c', '0.0', '1', '', 'raeimmy@gmail.com', '1', '0', '0', '2017-05-09 19:36:10', '2017-05-09 08:36:10');
INSERT INTO `visitor` VALUES ('85', 'Raylene', 'rw3265', '667c83f2209daaaa5c61ef4474b7a027', '0.0', '1', 'rw3265@hotmail.com', 'rw3265@hotmail.com', '1', '0', '0', '2017-05-09 21:11:06', '2017-05-09 10:11:06');
INSERT INTO `visitor` VALUES ('86', 'Tania Russell', 'Tantan', 'e80b37971ef5279170252fb6e8b3e2ff', '0.0', '1', '', 'taniarussell@hotmail.co.uk', '1', '0', '0', '2017-05-09 22:13:48', '2017-05-09 11:13:48');
INSERT INTO `visitor` VALUES ('87', 'Shelly', 'mhallshellyl', '073b62ceb0e01299a80776be6c1fd633', '0.0', '1', '', 'mhallshellyl@aol.com', '1', '0', '0', '2017-05-09 22:35:06', '2017-05-09 11:35:06');
INSERT INTO `visitor` VALUES ('88', 'Fernanda Batt', 'febatt', '4ee91625dcd626e4ac521f2050ec0813', '0.0', '1', '', 'fe_battaglia@hotmail.com', '1', '0', '0', '2017-05-09 22:55:44', '2017-05-09 11:55:44');
INSERT INTO `visitor` VALUES ('89', 'Cynthia Russell', 'crussellky', 'd86d58514bcfce3ed444fe2d3d334c8a', '0.0', '1', '', 'orders@juliasneedledesigns.com', '1', '0', '0', '2017-05-09 23:06:37', '2017-05-09 12:06:37');
INSERT INTO `visitor` VALUES ('90', 'Cat', 'Cat', 'ec95a881271b8bcb38240fe1ac83c37e', '0.0', '1', '', 'catharinavdrassel@xs4all.nl', '1', '0', '0', '2017-05-09 23:21:07', '2017-05-09 12:21:07');
INSERT INTO `visitor` VALUES ('91', 'Francha', 'Francha', '26cae7718c32180a7a0f8e19d6d40a59', '0.0', '1', '', 'francha@yahoo.com', '1', '0', '0', '2017-05-09 23:53:51', '2017-05-09 12:53:51');
INSERT INTO `visitor` VALUES ('92', 'Tracey watt', 'tawnyowl2014', '9fa568d37777ee694b65f1ecb477cea3', '0.0', '1', 'Tracey.watt.18@facebook.com', 'tawnyowl2014@outlook.com', '1', '0', '0', '2017-05-10 03:08:44', '2017-05-09 16:08:44');
INSERT INTO `visitor` VALUES ('93', 'scholz', 'flaggies', 'b2e74e8acdad4114ff55016747894423', '0.0', '1', '', 'riatons@gmail.com', '1', '0', '0', '2017-05-10 03:54:07', '2017-05-09 16:54:07');
INSERT INTO `visitor` VALUES ('94', 'karin', 'karin', '0e74972fb56ae7b696ad1fe2c64b6528', '0.0', '1', '', 'karin@podconsult.dk', '1', '0', '0', '2017-05-10 04:06:18', '2017-05-09 17:06:18');
INSERT INTO `visitor` VALUES ('95', 'Carl', 'Unger', '0615e7636ddf6f368bcf1be349e21da7', '0.0', '1', '', 'trucar2001@yahoo.com', '1', '0', '0', '2017-05-10 04:31:06', '2017-05-09 17:31:06');
INSERT INTO `visitor` VALUES ('96', 'Raymond', 'Dawson', '131396fe2ca61a0dcd36397dc845bc6a', '0.0', '1', '', 'projectXalpha@yahoo.com', '1', '0', '0', '2017-05-10 04:31:30', '2017-05-09 17:31:30');
INSERT INTO `visitor` VALUES ('97', 'Doug Fliehman', 'DFresh', '2ba943bd5d16820fb5f64c081ee9407f', '0.0', '1', '', 'ddougee142@gmail.com', '1', '0', '0', '2017-05-10 04:57:36', '2017-05-09 17:57:36');
INSERT INTO `visitor` VALUES ('98', 'alice rose', 'eggbaby', '200820e3227815ed1756a6b531e7e0d2', '0.0', '1', '', 'smileyalice@hotmail.com', '1', '0', '0', '2017-05-10 05:33:30', '2017-05-09 18:33:30');
INSERT INTO `visitor` VALUES ('99', 'Meow Wows', 'Meowswow', 'e14c0a972525aa0d40b877a81b2137be', '0.0', '1', '', 'knsandlin@gmail.com', '1', '0', '0', '2017-05-10 05:49:45', '2017-05-09 18:49:45');
INSERT INTO `visitor` VALUES ('100', 'Amber', 'Devilisha3', 'f0ed55c3b253b852ce3f460f3e516c1b', '0.0', '1', '', 'devilisha3@hotmail.com', '1', '0', '0', '2017-05-10 06:00:32', '2017-05-09 19:00:32');
INSERT INTO `visitor` VALUES ('101', 'm', 'a', 'aeb0a73ee3733c715f7a44604855ef47', '0.0', '1', '', 'margunn.aguilar@gmail.com', '1', '0', '0', '2017-05-10 07:11:29', '2017-05-09 20:11:29');
INSERT INTO `visitor` VALUES ('102', 'jenn anderson', 'irishbella', 'c44134250cec4ac0e859c6b6b7446454', '0.0', '1', '', 'jennanderson2010@yahoo.com', '1', '0', '0', '2017-05-10 08:21:53', '2017-05-09 21:21:53');
INSERT INTO `visitor` VALUES ('103', 'courtp', 'courtp', '9ede236f586e17da336ac7a2fea155cc', '0.0', '1', '', 'courtpreuss@outlook.com', '1', '0', '0', '2017-05-10 08:37:44', '2017-05-09 21:37:44');
INSERT INTO `visitor` VALUES ('104', 'mar', 'roq', '2dd853a1a01727a5e89ec98b6d3b9a8a', '0.0', '1', '', 'mrocky2015@gmail.com', '1', '0', '0', '2017-05-10 11:00:06', '2017-05-10 00:00:06');
INSERT INTO `visitor` VALUES ('105', 'Hilda Jensen', 'HildaJ', '8793e4d45f0c8d667116a1662dc8d76d', '0.0', '1', 'https://www.facebook.com/hildaj', 'hildajensen1980@gmail.com', '1', '0', '0', '2017-05-10 11:31:46', '2017-05-10 00:31:46');
INSERT INTO `visitor` VALUES ('106', 'gintare martikonyte', 'martikonyte', 'e5722d15693170daff405e199c526b18', '0.0', '1', 'gintare martikonyte', 'gmartikonyte@yahoo.co.uk', '1', '0', '0', '2017-05-10 21:54:32', '2017-05-10 10:54:32');
INSERT INTO `visitor` VALUES ('107', 'alivia pineau', 'apineau', 'f6432274349b5cb93433f8ed886a3f37', '0.0', '1', '', 'alivia.pineau@gmail.com', '1', '0', '0', '2017-05-10 22:59:35', '2017-05-10 11:59:35');
INSERT INTO `visitor` VALUES ('108', 'tammi McCausland', 'Tammi', '9cbf21e61e1582065c77c6ec0143f813', '0.0', '1', '', 'tmccausland@frontiernet.net', '1', '0', '0', '2017-05-10 23:09:54', '2017-05-10 12:09:54');
INSERT INTO `visitor` VALUES ('109', 'R', 'rabbithole', 'd31f00a7feb2b69e20dff9f47a6f3c1c', '0.0', '1', '', 'dueben@hotmail.com', '1', '0', '0', '2017-05-10 23:18:16', '2017-05-10 12:18:16');
INSERT INTO `visitor` VALUES ('110', 'Jonne', 'Ch', '34352e94f38b9326f1d092f03f009847', '0.0', '1', '', 'h_jonne@hotmail.com', '1', '0', '0', '2017-05-10 23:36:00', '2017-05-10 12:36:00');
INSERT INTO `visitor` VALUES ('111', 'Mallory Jane', 'Malloryjane', 'fc92a76f45b75bf3fc5d97eaa6ddbe61', '0.0', '1', 'malloryjmitchell@gmail.com', 'malloryjmitchell@gmail.com', '1', '0', '0', '2017-05-10 23:47:29', '2017-05-10 12:47:29');
INSERT INTO `visitor` VALUES ('112', 'Sarah Higginbotham', 'Sarah H', 'ee2a23533e57e3e429234108a9cfe174', '0.0', '1', '', 'Sarahjhiggy@gmail.com', '1', '0', '0', '2017-05-10 23:58:48', '2017-05-10 12:58:48');
INSERT INTO `visitor` VALUES ('113', 'juju', 'bo', 'd1d813a48d99f0e102f7d0a1b9068001', '0.0', '1', 'jewlez2006@yahoo.com', 'jewlez2006@yahoo.com', '1', '0', '0', '2017-05-11 00:07:12', '2017-05-10 13:07:12');
INSERT INTO `visitor` VALUES ('114', 'Melissa Olson', 'mel217issa', 'b8cf10203bfafe68b968fb2b45ca2d7e', '0.0', '1', 'https://www.facebook.com/melissa.magee.522', 'melissamagee217@gmail.com', '1', '0', '0', '2017-05-11 00:07:33', '2017-05-10 13:07:33');
INSERT INTO `visitor` VALUES ('115', 'Megan King', 'MeganKing', '9bdbbf9badb66f7f45c7c7fe1954f6da', '0.0', '1', '', 'Megan.king91@gmail.com', '1', '0', '0', '2017-05-11 00:34:03', '2017-05-10 13:34:03');
INSERT INTO `visitor` VALUES ('116', 'Cila', 'DeCaprio', '6c3ab6b2be5587a0c061b22b9ba9c97a', '0.0', '1', '', 'cila.decaprio@gmail.com', '1', '0', '0', '2017-05-11 01:05:29', '2017-05-10 14:05:29');
INSERT INTO `visitor` VALUES ('117', 'Mary Strachan', 'astar620', '90446faf76266a8f2529198e5c47aea1', '0.0', '1', '', 'astar620@outlook.com', '1', '0', '0', '2017-05-11 01:35:34', '2017-05-10 14:35:34');
INSERT INTO `visitor` VALUES ('118', 'susan marsden', 'susan marsden', '36775f3c41e91ac1e3395412745b7fb9', '0.0', '1', '', 'crystaltips11@hotmail.com', '1', '0', '0', '2017-05-11 03:55:10', '2017-05-10 16:55:10');
INSERT INTO `visitor` VALUES ('119', 'Miranda robertson', 'Myssticflower', 'b7738032701d00740eaeef194a872bf4', '0.0', '1', '', 'myssticfower@gmail.com', '1', '0', '0', '2017-05-11 05:12:41', '2017-05-10 18:12:41');
INSERT INTO `visitor` VALUES ('120', 'Annie Degennaro', 'Degennaro1974', 'b5d4e11accd2b3effae1b2411ea2de94', '0.0', '1', 'Annie Degennaro', 'degennaroannie123@gmail.com', '1', '0', '0', '2017-05-11 08:42:05', '2017-05-10 21:42:05');
INSERT INTO `visitor` VALUES ('121', 'Melanie Shaw', 'melleeshaw', '2573671de0357bd7cb9ede5995d15f4f', '0.0', '1', '', 'melleeshaw@live.com', '1', '0', '0', '2017-05-11 10:44:41', '2017-05-10 23:44:41');
INSERT INTO `visitor` VALUES ('122', 'Tracy Porter', 'herbgarden', '062685d50f23c6fa6af91a61e033b2d6', '0.0', '1', '', 'herbgarden1012000@yahoo.com', '1', '0', '0', '2017-05-11 10:53:42', '2017-05-10 23:53:42');
INSERT INTO `visitor` VALUES ('123', 'Pamela Schneir', 'pschneir', 'e97c648ba3f37d238e9f72f11406c997', '0.0', '1', '', 'pschneir@sbcglobal.net', '1', '0', '0', '2017-05-11 21:03:12', '2017-05-11 10:03:12');
INSERT INTO `visitor` VALUES ('124', 'June Mayonaise', 'thejunebug', 'db0e89845f91a35451ea5964ea19da0b', '0.0', '1', '', 'gufhtththh@aol.com', '1', '0', '0', '2017-05-11 21:11:08', '2017-05-11 10:11:08');
INSERT INTO `visitor` VALUES ('125', 'Sasha C', 'Taurus7946', '3bfd3a34703a153782ab588a5f59a856', '0.0', '1', '', 'taurus7946@gmail.com', '1', '0', '0', '2017-05-12 00:20:19', '2017-05-11 13:20:19');
INSERT INTO `visitor` VALUES ('126', 'Tatiana', 'Suggs', '937b1a7323ccdfd96a17754d89989a32', '0.0', '1', 'https://www.facebook.com/tatiana.suggs', 'tati_rj@hotmail.com', '1', '0', '0', '2017-05-12 01:52:32', '2017-05-11 14:52:32');
INSERT INTO `visitor` VALUES ('127', 'Inga birgis', 'Ingapinga', '4a5c77b17a593958b3db0f3bbb135d42', '0.0', '1', 'inga.edda.birgisdottir@gmail.com', 'inga.edda.birgisdottir@gmail.com', '1', '0', '0', '2017-05-12 04:20:11', '2017-05-11 17:20:11');
INSERT INTO `visitor` VALUES ('128', 'Sonya Lovy', 'megadoomed', 'de1ade5286761676ed01c98ccf2213ab', '0.0', '1', '', 'sonyalovy@gmail.com', '1', '0', '0', '2017-05-12 04:49:50', '2017-05-11 17:49:50');
INSERT INTO `visitor` VALUES ('129', 'Shirley Shoop', 'Jeanne', '1cc0f852ff19e4e40060f279c024acc7', '0.0', '1', '', 'shshoop2096@msn.com', '1', '0', '0', '2017-05-12 08:36:01', '2017-05-11 21:36:01');
INSERT INTO `visitor` VALUES ('130', 'Alex', 'Alex', '933cd7474ab5848542e362fa4a4bd070', '0.0', '1', '', 'alexandrasarah200@yahoo.com', '1', '0', '0', '2017-05-12 09:41:58', '2017-05-11 22:41:58');
INSERT INTO `visitor` VALUES ('131', 'Tania Gorham', 'Meowcat99', 'be6bd0a11ccd35f7596420bf57e8ed0e', '0.0', '1', '', 'kidz_are_cool@hotmail.co.nz', '1', '0', '0', '2017-05-12 10:26:10', '2017-05-11 23:26:10');
INSERT INTO `visitor` VALUES ('132', 'KrisAn Moss', 'krisanmoss', 'd42eb38d219306e731ed6b4f0c4bdbfe', '0.0', '1', '', 'krisanmoss@gmail.com', '1', '0', '0', '2017-05-12 11:06:54', '2017-05-12 00:06:54');
INSERT INTO `visitor` VALUES ('133', 'Melanie Shaw', 'mellshaw', '194887114e0baaec4163f890f3a5556b', '0.0', '1', '', 'mshaw@messiahlifeways.org', '1', '0', '0', '2017-05-12 11:17:12', '2017-05-12 00:17:12');
INSERT INTO `visitor` VALUES ('134', 'leah zupanic', 'Fritzcat', '2d2440e7f3336875cffc6cf4baeea42b', '0.0', '1', '', 'leahzupanic@outlook.com', '1', '0', '0', '2017-05-12 16:52:48', '2017-05-12 05:52:48');
INSERT INTO `visitor` VALUES ('135', 'Alexandra Holcomb', 'gracie5403', 'b818190e785844de9d4d1fc070fb3d1f', '0.0', '1', '', 'gracie5403@hotmail.com', '1', '0', '0', '2017-05-12 23:24:20', '2017-05-12 12:24:20');
INSERT INTO `visitor` VALUES ('136', 'Cam', 'Jones', '31c391fc30df51be9b3bf7103238305d', '0.0', '1', '', 'cammy@iprimus.com.au', '1', '0', '0', '2017-05-13 01:40:07', '2017-05-12 14:40:07');
INSERT INTO `visitor` VALUES ('137', 'all', 'Akale', '143e34d51edf9593cd822545e5b628cc', '0.0', '1', '', 'amanda.kale@hotmail.ca', '1', '0', '0', '2017-05-13 03:07:04', '2017-05-12 16:07:04');
INSERT INTO `visitor` VALUES ('138', 'sarah rhiannon gil', 'sarah66rh', '09e2af59a29a29d39387c0fc9033aeab', '0.0', '1', 'sarah s rhianoon', 'sarah6rh@icloud.com', '1', '0', '0', '2017-05-13 05:08:50', '2017-05-12 18:08:50');
INSERT INTO `visitor` VALUES ('139', 'Barbara Pierce', 'piercebarbara48', '54ea19c0b95a24fff9659211c9d163aa', '0.0', '1', '', 'pierce.barbara48@gmail.com', '1', '0', '0', '2017-05-13 08:31:55', '2017-05-12 21:31:55');
INSERT INTO `visitor` VALUES ('140', 'Annie Degennaro', 'Angeleyes123', '5b5a873792303bcfc4541a53151631f9', '0.0', '1', 'Anniedegennaro', 'anniedegennaro@outlook.com', '1', '0', '0', '2017-05-13 09:40:35', '2017-05-12 22:40:35');
INSERT INTO `visitor` VALUES ('141', 'Dia', 'Dia', '2dccd1ab3e03990aea77359831c85ca2', '0.0', '1', '', 'waterlily2012@yahoo.com', '1', '0', '0', '2017-05-13 10:19:58', '2017-05-12 23:19:58');
INSERT INTO `visitor` VALUES ('142', 'Emma Anstine', 'emmabean', '1b6e59e073c6a01dc20a9e47ec0d94f3', '0.0', '1', '', 'emmaanstine@gmail.com', '1', '0', '0', '2017-05-13 10:26:57', '2017-05-12 23:26:57');
INSERT INTO `visitor` VALUES ('143', 'CHase', 'Lawrence', '575beead9edd30c0d4650e8d6ddb54f0', '0.0', '1', '', 'kiaralebeau@gmail.com', '1', '0', '0', '2017-05-13 14:05:17', '2017-05-13 03:05:17');
INSERT INTO `visitor` VALUES ('144', 'amanda', 'amanda.gallagher', '9d910c8bf395fce35216f0f4fa85432e', '0.0', '1', '', 'amanda.gallagher@gmail.com', '1', '0', '0', '2017-05-13 17:32:17', '2017-05-13 06:32:17');
INSERT INTO `visitor` VALUES ('145', 'Chioma Esther', 'Chistar', '433f2825d6a0ba6094ae6d0012ebd470', '0.0', '1', 'Njokuchiomaesther@yahoo.com', 'chi.esty@yahoo.com', '1', '0', '0', '2017-05-13 20:15:35', '2017-05-13 09:15:35');
INSERT INTO `visitor` VALUES ('146', 'Bree', 'Brexvii', '7092fde72d5b856d7dc46a4b6b1c5299', '0.0', '1', '', 'brexvii@gmail.com', '1', '0', '0', '2017-05-13 21:16:59', '2017-05-13 10:16:59');
INSERT INTO `visitor` VALUES ('147', 'sara', 'baiao', '56ed6de073d9c0ac30efc5c2316746c0', '0.0', '1', '', 'sarinha.baiao@gmail.com', '1', '0', '0', '2017-05-13 21:21:38', '2017-05-13 10:21:38');
INSERT INTO `visitor` VALUES ('148', 'kejuana jefferson', 'kejuana', 'e7df867c6ab8bfc7f45ef6728628699d', '0.0', '1', '', 'jefferson_k@ccsdistrict.org', '1', '0', '0', '2017-05-14 08:56:49', '2017-05-13 21:56:49');
INSERT INTO `visitor` VALUES ('149', 'juju', 'gl', '2ebab0f547f7cb76ee9ccb23f71ad9c6', '0.0', '1', '', 'jewlez2006@yahoo.co', '1', '0', '0', '2017-05-14 23:19:28', '2017-05-14 12:19:28');
INSERT INTO `visitor` VALUES ('150', 'Kathy Fennick', 'kfennick9168', 'e0472d2a517eb06837bc838ff3934c6a', '0.0', '1', '', 'kfennick@gmail.com', '1', '0', '0', '2017-05-15 02:05:28', '2017-05-14 15:05:28');
INSERT INTO `visitor` VALUES ('151', 'Alex Romero', 'aromer2058', 'def4626ff14511bc1e1b6e493d3aaac0', '0.0', '1', '', 'aromer2058@gmail.com', '1', '0', '0', '2017-05-15 05:42:45', '2017-05-14 18:42:45');
INSERT INTO `visitor` VALUES ('152', 'Joyce Wobbrock', 'wonder1234', 'f2e7d8705754bb26a83b812a2ec4efa2', '0.0', '1', '', 'joywobbrock@yahoo.com', '1', '0', '0', '2017-05-15 07:42:33', '2017-05-14 20:42:33');
INSERT INTO `visitor` VALUES ('153', 'Annie Degennaro', 'Angeleyes', '6578702cfbb18c36b6f8df99f2f31e4d', '0.0', '1', 'Anniedegennaro', 'anniedegennaro@yahoo.com', '1', '0', '0', '2017-05-15 07:59:31', '2017-05-14 20:59:31');
INSERT INTO `visitor` VALUES ('154', '123456', '123456', 'a589dffa7e55bd54f867114e940c5823', '0.0', '1', '', 'k1rah@outlook.com', '1', '0', '0', '2017-05-15 10:31:14', '2017-05-14 23:31:14');
